{
    "dc_per_class_pp_all": {
        "1": 0.9532570921561785,
        "10": 0.7743171182543561,
        "11": 0.3427604508976118,
        "12": 0.8335433003061409,
        "13": 0.69568115509675,
        "14": 0.5938953885588268,
        "15": 0.0,
        "16": 0.8250006757750742,
        "2": 0.8750835024994795,
        "3": 0.8828422146157971,
        "4": 0.29547054670924977,
        "5": 0.926140214496563,
        "6": 0.8861373224296935,
        "7": 0.28524098453188274,
        "8": 0.22117879789683648,
        "9": 0.5053370750314363
    },
    "dc_per_class_pp_per_class": {
        "1": 0.9533543329692583,
        "10": 0.6767406114012423,
        "11": 0.3352449567803424,
        "12": 0.8721571353548963,
        "13": 0.7392978166910007,
        "14": 0.5940110681020704,
        "15": 0.9052767502139819,
        "16": 0.8257878101726192,
        "2": 0.8701775476931416,
        "3": 0.88102115697298,
        "4": 0.29547054670924977,
        "5": 0.9275435341313578,
        "6": 0.8862998008760673,
        "7": 0.2878072675100463,
        "8": 0.15931391268072148,
        "9": 0.5053370750314363
    },
    "dc_per_class_raw": {
        "1": 0.9531831599469774,
        "10": 0.773474781330136,
        "11": 0.3426780940331806,
        "12": 0.8328869133568029,
        "13": 0.6922942446808541,
        "14": 0.5938953885588268,
        "15": 0.9038734968074666,
        "16": 0.8245461631054538,
        "2": 0.8750835024994795,
        "3": 0.8728897012908217,
        "4": 0.3034324335794924,
        "5": 0.9261290871936344,
        "6": 0.8861131350002905,
        "7": 0.28524098453188274,
        "8": 0.22117879789683648,
        "9": 0.5053370750314363
    },
    "for_which_classes": [
        1,
        12,
        13,
        14,
        15,
        16,
        3,
        5,
        6,
        7
    ],
    "min_valid_object_sizes": "None",
    "num_samples": 3,
    "validation_final": "validation_raw_postprocessed",
    "validation_raw": "validation_raw"
}