{
    "dc_per_class_pp_all": {
        "1": 0.9640932816994908,
        "10": 0.8046358332694309,
        "11": 0.5078663018361221,
        "12": 0.9066152183846311,
        "13": 0.7438990111811677,
        "14": 0.7167798477258559,
        "15": 0.0,
        "16": 0.8104851909434659,
        "2": 0.31851068472914673,
        "3": 0.31591873185979014,
        "4": 0.4428128748067522,
        "5": 0.9575883985407171,
        "6": 0.8672554217709384,
        "7": 0.625702377187381,
        "8": 0.4090752574928946,
        "9": 0.7321521606116418
    },
    "dc_per_class_pp_per_class": {
        "1": 0.9640865836308578,
        "10": 0.8228693280007291,
        "11": 0.4808321090081526,
        "12": 0.9068511603536278,
        "13": 0.7453181535365877,
        "14": 0.719106924375193,
        "15": 0.9592454793288193,
        "16": 0.8105010338523772,
        "2": 0.9324462482914152,
        "3": 0.9274310298826848,
        "4": 0.4917051269217976,
        "5": 0.9606542275819075,
        "6": 0.8672757137510464,
        "7": 0.625702377187381,
        "8": 0.4091463723610176,
        "9": 0.7321378375584472
    },
    "dc_per_class_raw": {
        "1": 0.9637684786230843,
        "10": 0.8045003136124672,
        "11": 0.5078663018361221,
        "12": 0.9066103188344314,
        "13": 0.7427779307978102,
        "14": 0.7167798477258559,
        "15": 0.9450107438464492,
        "16": 0.8103535587062257,
        "2": 0.899502417159422,
        "3": 0.9274310298826848,
        "4": 0.5115287212475308,
        "5": 0.9575877501269439,
        "6": 0.8672554217709384,
        "7": 0.625702377187381,
        "8": 0.4090752574928946,
        "9": 0.7321521606116418
    },
    "for_which_classes": [
        1,
        10,
        12,
        13,
        14,
        15,
        16,
        2,
        5,
        6,
        8
    ],
    "min_valid_object_sizes": "None",
    "num_samples": 3,
    "validation_final": "validation_raw_postprocessed",
    "validation_raw": "validation_raw"
}