{
    "dc_per_class_pp_all": {
        "1": 0.9510194414170886,
        "10": 0.7554137012813432,
        "11": 0.0,
        "12": 0.8612450210542649,
        "13": 0.7896969511257184,
        "14": 0.0,
        "15": 0.0,
        "16": 0.7628249022797133,
        "2": 0.3026993094789705,
        "3": 0.30993371490622806,
        "4": 0.0,
        "5": 0.9537748621922234,
        "6": 0.8623641860041978,
        "7": 0.6415226435586416,
        "8": 0.0,
        "9": 0.756764297705354
    },
    "dc_per_class_pp_per_class": {
        "1": 0.9510256265539051,
        "10": 0.7632173187988037,
        "11": 0.0,
        "12": 0.8860252916561776,
        "13": 0.7907615544094903,
        "14": 0.0,
        "15": 0.9397222287429804,
        "16": 0.7628995077472641,
        "2": 0.9196334759604682,
        "3": 0.9290466811722675,
        "4": 0.0,
        "5": 0.9539152926418756,
        "6": 0.8623977373571615,
        "7": 0.6605315414997541,
        "8": 0.0,
        "9": 0.756764297705354
    },
    "dc_per_class_raw": {
        "1": 0.9507481447799696,
        "10": 0.7554137012813432,
        "11": 0.0,
        "12": 0.8612005751659467,
        "13": 0.7896303126457737,
        "14": 0.0,
        "15": 0.9362726266648878,
        "16": 0.7627928988657295,
        "2": 0.9196334759604682,
        "3": 0.9290466811722675,
        "4": 0.0,
        "5": 0.9537748621922234,
        "6": 0.8623641860041978,
        "7": 0.6415226435586416,
        "8": 0.0,
        "9": 0.756764297705354
    },
    "for_which_classes": [
        1,
        10,
        12,
        13,
        15,
        16,
        5,
        6,
        7
    ],
    "min_valid_object_sizes": "None",
    "num_samples": 3,
    "validation_final": "validation_raw_postprocessed",
    "validation_raw": "validation_raw"
}