{
    "dc_per_class_pp_all": {
        "1": 0.9510201262988861,
        "10": 0.7553773455577963,
        "11": 0.0,
        "12": 0.8612614671231912,
        "13": 0.789701223017556,
        "14": 0.0,
        "15": 0.0,
        "16": 0.7628229008464898,
        "2": 0.3026779339186655,
        "3": 0.30992564439014825,
        "4": 0.0,
        "5": 0.9537711489731292,
        "6": 0.8623586460820958,
        "7": 0.6413188127724276,
        "8": 0.0,
        "9": 0.756765797563261
    },
    "dc_per_class_pp_per_class": {
        "1": 0.9510239622172905,
        "10": 0.7631852871063557,
        "11": 0.0,
        "12": 0.8860381939184614,
        "13": 0.7907659786255925,
        "14": 0.0,
        "15": 0.9397294183160262,
        "16": 0.7628978634196031,
        "2": 0.9196103482262677,
        "3": 0.9290240577981569,
        "4": 0.0,
        "5": 0.9539150657298304,
        "6": 0.8623923979296387,
        "7": 0.6603618448104006,
        "8": 0.0,
        "9": 0.756765797563261
    },
    "dc_per_class_raw": {
        "1": 0.9507486295691274,
        "10": 0.7553773455577963,
        "11": 0.0,
        "12": 0.8612167016097304,
        "13": 0.7896344566435252,
        "14": 0.0,
        "15": 0.9362778077978442,
        "16": 0.7627892790471597,
        "2": 0.9196103482262677,
        "3": 0.9290240577981569,
        "4": 0.0,
        "5": 0.9537711489731292,
        "6": 0.8623586460820958,
        "7": 0.6413188127724276,
        "8": 0.0,
        "9": 0.756765797563261
    },
    "for_which_classes": [
        1,
        10,
        12,
        13,
        15,
        16,
        5,
        6,
        7
    ],
    "min_valid_object_sizes": "None",
    "num_samples": 3,
    "validation_final": "validation_raw_postprocessed",
    "validation_raw": "validation_raw"
}