{
    "dc_per_class_pp_all": {
        "1": 0.9526797592759295,
        "10": 0.8257899262524461,
        "11": 0.4009323949352525,
        "12": 0.8394135672533354,
        "13": 0.7612416111177134,
        "14": 0.6169146399973827,
        "15": 0.0,
        "16": 0.8489970098460885,
        "2": 0.8718883074501566,
        "3": 0.8620650886814928,
        "4": 0.2752867300647022,
        "5": 0.9180147044068456,
        "6": 0.8732845634565077,
        "7": 0.47451879918404777,
        "8": 0.5382527976507253,
        "9": 0.7989301906304608
    },
    "dc_per_class_pp_per_class": {
        "1": 0.9527682763815927,
        "10": 0.767985315502051,
        "11": 0.34664956839295646,
        "12": 0.8882331356168379,
        "13": 0.7797454666414799,
        "14": 0.6124779547268298,
        "15": 0.9256726297610075,
        "16": 0.8507261361399396,
        "2": 0.8718883074501566,
        "3": 0.8606993712058904,
        "4": 0.28568148646618585,
        "5": 0.9322426783459467,
        "6": 0.8826274232917481,
        "7": 0.47562972344085264,
        "8": 0.4980563129016508,
        "9": 0.7989301906304608
    },
    "dc_per_class_raw": {
        "1": 0.9527356765087139,
        "10": 0.825113806344156,
        "11": 0.4009323949352525,
        "12": 0.8391051437467268,
        "13": 0.7608186905828833,
        "14": 0.6169742544446791,
        "15": 0.909740039443767,
        "16": 0.8489845993971724,
        "2": 0.8718883074501566,
        "3": 0.8478807122052491,
        "4": 0.2820381044288361,
        "5": 0.9180087526909707,
        "6": 0.8732845634565077,
        "7": 0.47451879918404777,
        "8": 0.5382527976507253,
        "9": 0.7989301906304608
    },
    "for_which_classes": [
        1,
        12,
        13,
        15,
        16,
        3,
        4,
        5,
        6,
        7
    ],
    "min_valid_object_sizes": "None",
    "num_samples": 3,
    "validation_final": "validation_raw_postprocessed",
    "validation_raw": "validation_raw"
}