{
    "dc_per_class_pp_all": {
        "1": 0.9383632790419569,
        "10": 0.0,
        "11": 0.0,
        "12": 0.0,
        "13": 0.030455412684280782,
        "14": 0.0,
        "15": 0.0,
        "16": 0.0,
        "2": 0.0,
        "3": 0.0,
        "4": 0.0,
        "5": 0.3242860623832584,
        "6": 0.0,
        "7": 0.0,
        "8": 0.0,
        "9": 0.0
    },
    "dc_per_class_pp_per_class": {
        "1": 0.9383640734814637,
        "10": 0.0,
        "11": 0.0,
        "12": 0.0,
        "13": 0.0006295991481043496,
        "14": 0.0,
        "15": 0.0,
        "16": 0.0,
        "2": 0.0,
        "3": 0.0,
        "4": 0.0,
        "5": 0.3179492146163905,
        "6": 0.0,
        "7": 0.0,
        "8": 0.0,
        "9": 0.0
    },
    "dc_per_class_raw": {
        "1": 0.8092901797320461,
        "10": 0.0,
        "11": 0.0,
        "12": 0.0,
        "13": 0.038753428696142345,
        "14": 0.0,
        "15": 0.0,
        "16": 0.0,
        "2": 0.0,
        "3": 0.0,
        "4": 0.0,
        "5": 0.3118049887877289,
        "6": 0.0,
        "7": 0.0,
        "8": 0.0,
        "9": 0.0
    },
    "for_which_classes": [
        1,
        5
    ],
    "min_valid_object_sizes": "None",
    "num_samples": 3,
    "validation_final": "validation_raw_postprocessed",
    "validation_raw": "validation_raw"
}