{
    "dc_per_class_pp_all": {
        "1": 0.9515643984218768,
        "10": 0.7683472248815371,
        "11": 0.1582299430574915,
        "12": 0.732015314117305,
        "13": 0.7350120523485368,
        "14": 0.4273070597220938,
        "15": 0.0,
        "16": 0.7574493388390201,
        "2": 0.23887507199571928,
        "3": 0.22418862386081698,
        "4": 0.37564705425162026,
        "5": 0.9425324096818649,
        "6": 0.8654187660116568,
        "7": 0.4258865503338777,
        "8": 0.2577322197850459,
        "9": 0.6496768090477905
    },
    "dc_per_class_pp_per_class": {
        "1": 0.9515949840055298,
        "10": 0.7649574719850221,
        "11": 0.09005640826259537,
        "12": 0.760763390108216,
        "13": 0.7458889316196486,
        "14": 0.40342693416085496,
        "15": 0.8977111492789787,
        "16": 0.7652926652215897,
        "2": 0.8847878769866588,
        "3": 0.8274638923929369,
        "4": 0.3758279895895441,
        "5": 0.9465008141097716,
        "6": 0.8816286815215444,
        "7": 0.42780120846182224,
        "8": 0.2477157126258287,
        "9": 0.6510994039449528
    },
    "dc_per_class_raw": {
        "1": 0.9508230826143829,
        "10": 0.7683537006731218,
        "11": 0.15855665574690417,
        "12": 0.7320343806407158,
        "13": 0.7346876678576868,
        "14": 0.4272996380735978,
        "15": 0.8707869415076754,
        "16": 0.7574172272096427,
        "2": 0.8628760404224087,
        "3": 0.8220240870066065,
        "4": 0.3788902593928877,
        "5": 0.9425315169093983,
        "6": 0.8654181520195936,
        "7": 0.4258865503338777,
        "8": 0.2577322197850459,
        "9": 0.6496768090477905
    },
    "for_which_classes": [
        1,
        12,
        13,
        15,
        16,
        2,
        3,
        5,
        6,
        7,
        9
    ],
    "min_valid_object_sizes": "None",
    "num_samples": 10,
    "validation_final": "validation_raw_postprocessed",
    "validation_raw": "validation_raw"
}