{
    "dc_per_class_pp_all": {
        "1": 0.9463357556089091,
        "10": 0.8507885057429868,
        "11": 0.0,
        "12": 0.5805735950599055,
        "13": 0.6539925880734151,
        "14": 0.0,
        "15": 0.0,
        "16": 0.7284285055494176,
        "2": 0.2707385007729076,
        "3": 0.2924970811740849,
        "4": 0.0,
        "5": 0.947774757588045,
        "6": 0.7636986790657839,
        "7": 0.571628034743201,
        "8": 0.708907983135405,
        "9": 0.7451942614277763
    },
    "dc_per_class_pp_per_class": {
        "1": 0.9463323849326865,
        "10": 0.8530930724939708,
        "11": 0.0,
        "12": 0.6075242582241029,
        "13": 0.6607302585206952,
        "14": 0.0,
        "15": 0.9261711118095884,
        "16": 0.7419351403394864,
        "2": 0.891329850634631,
        "3": 0.9149720901409459,
        "4": 0.0,
        "5": 0.9479377029713358,
        "6": 0.7637610373500422,
        "7": 0.571628034743201,
        "8": 0.7528713228265088,
        "9": 0.7451942614277763
    },
    "dc_per_class_raw": {
        "1": 0.9463577120671586,
        "10": 0.8502529534018161,
        "11": 0.0,
        "12": 0.5805654218807953,
        "13": 0.653925885416447,
        "14": 0.0,
        "15": 0.9068056896550128,
        "16": 0.7283938609470365,
        "2": 0.891329850634631,
        "3": 0.9149579633359696,
        "4": 0.0,
        "5": 0.947774757588045,
        "6": 0.7636986790657839,
        "7": 0.571628034743201,
        "8": 0.708907983135405,
        "9": 0.7451942614277763
    },
    "for_which_classes": [
        10,
        12,
        13,
        15,
        16,
        3,
        5,
        6,
        8
    ],
    "min_valid_object_sizes": "None",
    "num_samples": 3,
    "validation_final": "validation_raw_postprocessed",
    "validation_raw": "validation_raw"
}