{
    "ahd_per_class_pp_per_class": {
        "1": 0.08720897155804314,
        "10": 0.16147954940678044,
        "11": 1.664059643961492,
        "12": 0.2694161837256228,
        "13": 1.0296512148661907,
        "14": 0.5116752041843214,
        "15": 0.10156410668977939,
        "16": 1.2611818189903319,
        "2": 0.0781263890176106,
        "3": 0.07631880559336142,
        "4": 0.1311904236834964,
        "5": 0.059069260725920635,
        "6": 0.19424943942807818,
        "7": 0.31303800604560494,
        "8": 1.024488222183643,
        "9": 0.19717347697350016
    },
    "ahd_per_class_raw": {
        "1": 0.19262006798207354,
        "10": 0.1713172258236775,
        "11": 1.010430326736405,
        "12": 1.5265283346898724,
        "13": 1.3025032275681117,
        "14": 0.4945555861404092,
        "15": 0.8467038185720238,
        "16": 1.9575214260117322,
        "2": 0.4002520118887544,
        "3": 0.07631880559336142,
        "4": 0.1311904236834964,
        "5": 0.05945801116216789,
        "6": 0.19352347623700725,
        "7": 0.31303800604560494,
        "8": 0.7302374224625566,
        "9": 0.1971953969554284
    },
    "dc_per_class_pp_all": {
        "1": 0.945988571819662,
        "10": 0.8693788429405904,
        "11": 0.630844885610189,
        "12": 0.9191666409637608,
        "13": 0.8004375881782179,
        "14": 0.582603119674521,
        "15": 0.0,
        "16": 0.7724619591824454,
        "2": 0.5897285997040415,
        "3": 0.6116866254022485,
        "4": 0.6614574726909641,
        "5": 0.9484763675560122,
        "6": 0.9075848727401216,
        "7": 0.6394791452055885,
        "8": 0.47231242915577704,
        "9": 0.7893857111236507
    },
    "dc_per_class_pp_per_class": {
        "1": 0.9477705782828805,
        "10": 0.8694082938887423,
        "11": 0.5846429680555122,
        "12": 0.9233066221189562,
        "13": 0.8050611799294328,
        "14": 0.5859411255816731,
        "15": 0.9287055337711755,
        "16": 0.7849406882891934,
        "2": 0.8985995144143724,
        "3": 0.9206889813761743,
        "4": 0.6614914591886764,
        "5": 0.9484763675560122,
        "6": 0.9075772349932433,
        "7": 0.6394791452055885,
        "8": 0.2897226052412441,
        "9": 0.7894064527592279
    },
    "dc_per_class_raw": {
        "1": 0.9460111327999324,
        "10": 0.8693788429405904,
        "11": 0.630844885610189,
        "12": 0.9186738101705121,
        "13": 0.7993410613746864,
        "14": 0.582603119674521,
        "15": 0.9149988295860499,
        "16": 0.7723405643368664,
        "2": 0.895035889508715,
        "3": 0.9206889813761743,
        "4": 0.6614574726909641,
        "5": 0.9484731487053256,
        "6": 0.9075848727401216,
        "7": 0.6394791452055885,
        "8": 0.47231242915577704,
        "9": 0.7893857111236507
    },
    "for_which_classes": [
        1,
        10,
        12,
        13,
        14,
        15,
        16,
        2,
        4,
        5,
        9
    ],
    "min_proportion_kept": "None",
    "min_valid_object_sizes": "None",
    "num_samples": 3,
    "validation_final": "validation_raw_postprocessed",
    "validation_raw": "validation_raw"
}