{
    "ahd_per_class_pp_per_class": {
        "1": 0.0798378906539446,
        "10": 0.09300631721064752,
        "11": 0.9178923459524722,
        "12": 0.19530436667855913,
        "13": 0.7596196069990677,
        "14": 0.6659483309912477,
        "15": 1.2525873754558576,
        "16": 0.9064829376158535,
        "2": 0.059598007972831074,
        "3": 0.0730908082050333,
        "4": 0.1261886455444243,
        "5": 0.04819556322840221,
        "6": 0.24601949304564466,
        "7": 0.38628312658875535,
        "8": 0.5776749723706087,
        "9": 0.24627260282423316
    },
    "ahd_per_class_raw": {
        "1": 0.06744047691691264,
        "10": 0.19238639659173998,
        "11": 1.4276694778509904,
        "12": 0.19530436667855913,
        "13": 0.9011298262267983,
        "14": 0.7006539222487572,
        "15": 1.2932070437691954,
        "16": 0.962069032166729,
        "2": 0.2644628892502721,
        "3": 0.0730908082050333,
        "4": 0.1261886455444243,
        "5": 0.04819556322840221,
        "6": 0.24504673885705366,
        "7": 0.38628312658875535,
        "8": 0.5776749723706087,
        "9": 0.24627260282423316
    },
    "dc_per_class_pp_all": {
        "1": 0.959069120106712,
        "10": 0.8979142258057186,
        "11": 0.6192330240806904,
        "12": 0.9386799386204157,
        "13": 0.7979770411688377,
        "14": 0.6985453114183313,
        "15": 0.0,
        "16": 0.8340134179837686,
        "2": 0.9232716315113629,
        "3": 0.9143179115896207,
        "4": 0.6027646044886933,
        "5": 0.9572101276455376,
        "6": 0.8978096410695091,
        "7": 0.5348525273043662,
        "8": 0.42174810050027833,
        "9": 0.7489430184406355
    },
    "dc_per_class_pp_per_class": {
        "1": 0.9591234747952866,
        "10": 0.8993848412339994,
        "11": 0.6406088688413126,
        "12": 0.9388718582058967,
        "13": 0.8051622857977336,
        "14": 0.6998361661962553,
        "15": 0.9219470888822155,
        "16": 0.8340853171055026,
        "2": 0.9232716315113629,
        "3": 0.9143179115896207,
        "4": 0.6027646044886933,
        "5": 0.9572101276455376,
        "6": 0.8978189984129333,
        "7": 0.5348525273043662,
        "8": 0.42174810050027833,
        "9": 0.7489430184406355
    },
    "dc_per_class_raw": {
        "1": 0.9592667848429101,
        "10": 0.8979122159096988,
        "11": 0.6192330240806904,
        "12": 0.9386799386204157,
        "13": 0.7978393750239318,
        "14": 0.6985453114183313,
        "15": 0.9224886479852606,
        "16": 0.833999734778068,
        "2": 0.9223311969970901,
        "3": 0.9143179115896207,
        "4": 0.6027646044886933,
        "5": 0.9572101276455376,
        "6": 0.8978096410695091,
        "7": 0.5348525273043662,
        "8": 0.42174810050027833,
        "9": 0.7489430184406355
    },
    "for_which_classes": [
        10,
        11,
        12,
        13,
        14,
        16,
        2,
        6
    ],
    "min_proportion_kept": "0.1",
    "min_valid_object_sizes": "None",
    "num_samples": 3,
    "validation_final": "validation_raw_postprocessed",
    "validation_raw": "validation_raw"
}