{
    "dc_per_class_pp_all": {
        "1": 0.9494448615846132,
        "10": 0.0,
        "11": 0.0,
        "12": 0.0,
        "13": 0.02144793900827635,
        "14": 0.0,
        "15": 0.0,
        "16": 0.0,
        "2": 0.0,
        "3": 0.0,
        "4": 0.0,
        "5": 0.0,
        "6": 0.0030673330945948153,
        "7": 0.0,
        "8": 0.0,
        "9": 0.0
    },
    "dc_per_class_pp_per_class": {
        "1": 0.9494452163476953,
        "10": 0.0,
        "11": 0.0,
        "12": 0.0,
        "13": 0.0007454073628103858,
        "14": 0.0,
        "15": 0.0,
        "16": 0.0,
        "2": 0.0,
        "3": 0.0,
        "4": 0.0,
        "5": 0.0,
        "6": 0.0,
        "7": 0.0,
        "8": 0.0,
        "9": 0.0
    },
    "dc_per_class_raw": {
        "1": 0.828717977076689,
        "10": 0.0,
        "11": 0.0,
        "12": 0.0,
        "13": 0.052583774838318866,
        "14": 0.0,
        "15": 0.0,
        "16": 0.0,
        "2": 0.0,
        "3": 0.0,
        "4": 0.0,
        "5": 0.0,
        "6": 0.003257950438723106,
        "7": 0.0,
        "8": 0.0,
        "9": 0.0
    },
    "for_which_classes": [
        1
    ],
    "min_valid_object_sizes": "None",
    "num_samples": 3,
    "validation_final": "validation_raw_postprocessed",
    "validation_raw": "validation_raw"
}