{
    "dc_per_class_pp_all": {
        "1": 0.9488693076616851,
        "10": 0.7429579517620056,
        "11": 0.12861579404257426,
        "12": 0.7093407697637921,
        "13": 0.7267712818390365,
        "14": 0.29256712487835096,
        "15": 0.05723275206577634,
        "16": 0.7396307514001147,
        "2": 0.4051325812772685,
        "3": 0.35674876651845605,
        "4": 0.3349387671823108,
        "5": 0.9350393759603347,
        "6": 0.8446616264433908,
        "7": 0.46005924965077655,
        "8": 0.2410328205042103,
        "9": 0.6626341502117812
    },
    "dc_per_class_pp_per_class": {
        "1": 0.9493419939550284,
        "10": 0.7091619500612981,
        "11": 0.09134828942660408,
        "12": 0.741585691981416,
        "13": 0.7364628256606683,
        "14": 0.2754893019642492,
        "15": 0.8913598977365097,
        "16": 0.7455949959457353,
        "2": 0.8660912742796908,
        "3": 0.801369723150551,
        "4": 0.3207954210685221,
        "5": 0.9418931984788771,
        "6": 0.8603726900536602,
        "7": 0.46816350319879424,
        "8": 0.23216832992096167,
        "9": 0.6631037951632225
    },
    "dc_per_class_raw": {
        "1": 0.9479037417969968,
        "10": 0.7404004566764882,
        "11": 0.1292818467447341,
        "12": 0.7085013812666865,
        "13": 0.7261842607498129,
        "14": 0.2925559850009027,
        "15": 0.860713389420879,
        "16": 0.7394752425163059,
        "2": 0.8494975094680791,
        "3": 0.793040862737902,
        "4": 0.3365215415375334,
        "5": 0.9349700578396414,
        "6": 0.8446453694940249,
        "7": 0.4600538556613529,
        "8": 0.2410328205042103,
        "9": 0.6626341502117812
    },
    "for_which_classes": [
        1,
        12,
        13,
        15,
        16,
        2,
        3,
        5,
        6,
        7,
        9
    ],
    "min_valid_object_sizes": "None",
    "num_samples": 14,
    "validation_final": "validation_raw_postprocessed",
    "validation_raw": "validation_raw"
}