{
    "dc_per_class_pp_all": {
        "1": 0.9499953251224507,
        "10": 0.8507439877995217,
        "11": 0.7161407594726802,
        "12": 0.9281032095886174,
        "13": 0.7987984196705863,
        "14": 0.654996683521002,
        "15": 0.0,
        "16": 0.835040952494949,
        "2": 0.926662773355269,
        "3": 0.9269565142817098,
        "4": 0.5699485122475921,
        "5": 0.957771265675946,
        "6": 0.9340345894550603,
        "7": 0.6226119457431011,
        "8": 0.5273981997137256,
        "9": 0.7930354501028342
    },
    "dc_per_class_pp_per_class": {
        "1": 0.9500079906785781,
        "10": 0.8507439877995217,
        "11": 0.5436592973391221,
        "12": 0.9337544650009387,
        "13": 0.8007479091723569,
        "14": 0.6681057863103087,
        "15": 0.9359552625280596,
        "16": 0.8350618127795454,
        "2": 0.926662773355269,
        "3": 0.9269565142817098,
        "4": 0.569806056633866,
        "5": 0.9578051834518905,
        "6": 0.9340295822396508,
        "7": 0.6213559865597396,
        "8": 0.5273981997137256,
        "9": 0.7930354501028342
    },
    "dc_per_class_raw": {
        "1": 0.9497175615063692,
        "10": 0.8486356422017934,
        "11": 0.7152126892259147,
        "12": 0.9281032095886174,
        "13": 0.7984989702821309,
        "14": 0.6549046292178716,
        "15": 0.9340871481674947,
        "16": 0.8350217077120314,
        "2": 0.9258426509625971,
        "3": 0.9269495184079978,
        "4": 0.5888706279944939,
        "5": 0.957771265675946,
        "6": 0.9340345894550603,
        "7": 0.6226119457431011,
        "8": 0.5273981997137256,
        "9": 0.7930354501028342
    },
    "for_which_classes": [
        1,
        10,
        12,
        13,
        14,
        15,
        16,
        2,
        3,
        5
    ],
    "min_valid_object_sizes": "None",
    "num_samples": 3,
    "validation_final": "validation_raw_postprocessed",
    "validation_raw": "validation_raw"
}