{
    "ahd_per_class_pp_per_class": {
        "1": 0.10748858791155981,
        "10": 0.1801266241083014,
        "11": 0.5773390336399101,
        "12": 1.2541756869788483,
        "13": 0.9541609577886594,
        "14": 1.3118420445058356,
        "15": 0.08865299861134307,
        "16": 0.877231727844634,
        "2": 0.0901405975166588,
        "3": 0.27464473879515333,
        "4": 0.5460706467842694,
        "5": 0.10763143964446825,
        "6": 0.2816959173437113,
        "7": 0.4887692293851666,
        "8": 3.946605926376605,
        "9": 0.20744357240169328
    },
    "ahd_per_class_raw": {
        "1": 0.09773887131023634,
        "10": 0.2590816359047112,
        "11": 0.5773390336399101,
        "12": 3.403560550227803,
        "13": 2.0557563983659084,
        "14": 1.5718949732273177,
        "15": 0.18152388005227207,
        "16": 1.1708905014497684,
        "2": 0.28562684277933253,
        "3": 0.26055147472536044,
        "4": 0.6025620465596384,
        "5": 0.5386812294628734,
        "6": 0.709544086054596,
        "7": 0.4887692293851666,
        "8": 3.9467577494626607,
        "9": 0.20744357240169328
    },
    "dc_per_class_pp_all": {
        "1": 0.9543183945613477,
        "10": 0.8371788913597294,
        "11": 0.5585559186426563,
        "12": 0.8738304098396421,
        "13": 0.75340803463166,
        "14": 0.6002375111831056,
        "15": 0.0,
        "16": 0.8217400011956154,
        "2": 0.8831773394067556,
        "3": 0.88148297598716,
        "4": 0.26182055419320016,
        "5": 0.9248636586787589,
        "6": 0.8817749968810054,
        "7": 0.5151204901889024,
        "8": 0.39123952074549634,
        "9": 0.7749247204281563
    },
    "dc_per_class_pp_per_class": {
        "1": 0.9544070781379697,
        "10": 0.8377864051772672,
        "11": 0.5601819875030133,
        "12": 0.8721129775783562,
        "13": 0.7826346433718037,
        "14": 0.5993896997959811,
        "15": 0.9246815840808456,
        "16": 0.823044091958633,
        "2": 0.8831773394067556,
        "3": 0.8620072817246512,
        "4": 0.26182055419320016,
        "5": 0.9298688247838016,
        "6": 0.8859821994368594,
        "7": 0.515154506808938,
        "8": 0.3923435867052461,
        "9": 0.7749247204281563
    },
    "dc_per_class_raw": {
        "1": 0.9544387755460564,
        "10": 0.8363541467332466,
        "11": 0.5585559186426563,
        "12": 0.8531176202197549,
        "13": 0.7531764844670984,
        "14": 0.5998077896696957,
        "15": 0.9232644770916761,
        "16": 0.8216408542942212,
        "2": 0.8821647547059208,
        "3": 0.8633930369994203,
        "4": 0.26089886395428635,
        "5": 0.9248636586787589,
        "6": 0.8817749968810054,
        "7": 0.5151204901889024,
        "8": 0.39123952074549634,
        "9": 0.7749247204281563
    },
    "for_which_classes": [
        10,
        11,
        12,
        13,
        15,
        16,
        2,
        4,
        5,
        6,
        7,
        8
    ],
    "min_valid_object_sizes": "None",
    "num_samples": 3,
    "validation_final": "validation_raw_postprocessed",
    "validation_raw": "validation_raw"
}