{
    "dc_per_class_pp_all": {
        "1": 0.9543183945613477,
        "10": 0.8371788913597294,
        "11": 0.5585559186426563,
        "12": 0.8738304098396421,
        "13": 0.75340803463166,
        "14": 0.6002375111831056,
        "15": 0.0,
        "16": 0.8217400011956154,
        "2": 0.8831773394067556,
        "3": 0.88148297598716,
        "4": 0.26182055419320016,
        "5": 0.9248636586787589,
        "6": 0.8817749968810054,
        "7": 0.5151204901889024,
        "8": 0.39123952074549634,
        "9": 0.7749247204281563
    },
    "dc_per_class_pp_per_class": {
        "1": 0.9544070781379697,
        "10": 0.7704253714949618,
        "11": 0.5601819875030133,
        "12": 0.8913722784916219,
        "13": 0.7826346433718037,
        "14": 0.6147153480898978,
        "15": 0.9246815840808456,
        "16": 0.823044091958633,
        "2": 0.8831773394067556,
        "3": 0.880097220712391,
        "4": 0.28177969899875405,
        "5": 0.9298688247838016,
        "6": 0.8859821994368594,
        "7": 0.5212752269235529,
        "8": 0.11226357535082367,
        "9": 0.7749247204281563
    },
    "dc_per_class_raw": {
        "1": 0.9544387755460564,
        "10": 0.8363541467332466,
        "11": 0.5585559186426563,
        "12": 0.8531176202197549,
        "13": 0.7531764844670984,
        "14": 0.5998077896696957,
        "15": 0.9232644770916761,
        "16": 0.8216408542942212,
        "2": 0.8821647547059208,
        "3": 0.8633930369994203,
        "4": 0.26089886395428635,
        "5": 0.9248636586787589,
        "6": 0.8817749968810054,
        "7": 0.5151204901889024,
        "8": 0.39123952074549634,
        "9": 0.7749247204281563
    },
    "for_which_classes": [
        11,
        12,
        13,
        14,
        15,
        16,
        2,
        3,
        4,
        5,
        6,
        7
    ],
    "min_valid_object_sizes": "None",
    "num_samples": 3,
    "validation_final": "validation_raw_postprocessed",
    "validation_raw": "validation_raw"
}