{
    "dc_per_class_pp_all": {
        "1": 0.9597045358878588,
        "10": 0.8798476121968806,
        "11": 0.0,
        "12": 0.9321723134625838,
        "13": 0.8030691577963841,
        "14": 0.6384442600381802,
        "15": 0.0,
        "16": 0.8338267912147278,
        "2": 0.2992221214370138,
        "3": 0.2953660951484673,
        "4": 0.15560266890302973,
        "5": 0.954745028955871,
        "6": 0.8966118756710397,
        "7": 0.48569082247746276,
        "8": 0.3121906938710192,
        "9": 0.7163119100448423
    },
    "dc_per_class_pp_per_class": {
        "1": 0.9597527827059631,
        "10": 0.8798452190494145,
        "11": 0.0,
        "12": 0.9321723134625838,
        "13": 0.8088118012119745,
        "14": 0.690528451468321,
        "15": 0.9589189395893243,
        "16": 0.8338267142839021,
        "2": 0.9131957425353958,
        "3": 0.9121879125465244,
        "4": 0.3510898527959309,
        "5": 0.9549543556781045,
        "6": 0.8966044930883464,
        "7": 0.48569082247746276,
        "8": 0.32804065976934876,
        "9": 0.7177458261355921
    },
    "dc_per_class_raw": {
        "1": 0.9598705968594384,
        "10": 0.8796449476702524,
        "11": 0.0,
        "12": 0.9321723134625838,
        "13": 0.802700577371878,
        "14": 0.6384442600381802,
        "15": 0.9209908823330889,
        "16": 0.8327944836239135,
        "2": 0.9125883515880268,
        "3": 0.9111277298200569,
        "4": 0.4477754539349368,
        "5": 0.954745028955871,
        "6": 0.8966118756710397,
        "7": 0.48569082247746276,
        "8": 0.3121906938710192,
        "9": 0.7163119100448423
    },
    "for_which_classes": [
        10,
        13,
        14,
        15,
        16,
        2,
        3,
        5,
        8,
        9
    ],
    "min_valid_object_sizes": "None",
    "num_samples": 3,
    "validation_final": "validation_raw_postprocessed",
    "validation_raw": "validation_raw"
}