{
    "dc_per_class_pp_all": {
        "1": 0.9509114943489193,
        "10": 0.8357723090487479,
        "11": 0.7514911986057324,
        "12": 0.9293321754828009,
        "13": 0.8058885099710172,
        "14": 0.7116331273765564,
        "15": 0.0,
        "16": 0.8642678857909111,
        "2": 0.933426058740654,
        "3": 0.928279152066406,
        "4": 0.5431734335945929,
        "5": 0.9584418592200326,
        "6": 0.9323028074902745,
        "7": 0.5982741142197346,
        "8": 0.5314133289095926,
        "9": 0.7901275082155307
    },
    "dc_per_class_pp_per_class": {
        "1": 0.9509171629932213,
        "10": 0.8384158655966235,
        "11": 0.7542977433872897,
        "12": 0.9293321754828009,
        "13": 0.8078005149025387,
        "14": 0.7241166207698888,
        "15": 0.9380349684453123,
        "16": 0.8642758278505887,
        "2": 0.933947270705739,
        "3": 0.9283912939544899,
        "4": 0.5430731699094331,
        "5": 0.9584544758459286,
        "6": 0.9322984194696828,
        "7": 0.5978816118986415,
        "8": 0.5314133289095926,
        "9": 0.7901275082155307
    },
    "dc_per_class_raw": {
        "1": 0.9503418251750954,
        "10": 0.835127097204431,
        "11": 0.7514911986057324,
        "12": 0.9293216051185494,
        "13": 0.8057490637537743,
        "14": 0.7116331273765564,
        "15": 0.9361564759904858,
        "16": 0.8642121808829826,
        "2": 0.933426058740654,
        "3": 0.928279152066406,
        "4": 0.5652001474558058,
        "5": 0.9584418592200326,
        "6": 0.9323028074902745,
        "7": 0.5982741142197346,
        "8": 0.5314133289095926,
        "9": 0.7901275082155307
    },
    "for_which_classes": [
        1,
        10,
        11,
        12,
        13,
        14,
        15,
        16,
        2,
        3,
        5
    ],
    "min_valid_object_sizes": "None",
    "num_samples": 3,
    "validation_final": "validation_raw_postprocessed",
    "validation_raw": "validation_raw"
}