{
    "ahd_per_class_pp_per_class": {
        "1": 0.05995336520780784,
        "10": 0.16630864366569628,
        "11": 1.8580880083247375,
        "12": 0.2886362027119481,
        "13": 0.8183767214478038,
        "14": 0.23427004503178903,
        "15": 1.18335447742351,
        "16": 0.7631023162793379,
        "2": 1.5786595053160422,
        "3": 0.06347016911819682,
        "4": 0.1702148008504735,
        "5": 0.04688109801765269,
        "6": 0.17638998638229123,
        "7": 0.3022311286204917,
        "8": 0.4232457315188567,
        "9": 0.4224761568776718
    },
    "ahd_per_class_raw": {
        "1": 0.08951882750557504,
        "10": 0.40047473856933274,
        "11": 1.9750518327020474,
        "12": 0.5630121751480303,
        "13": 0.9061854979712379,
        "14": 0.21228983698484716,
        "15": 1.2218837718342292,
        "16": 0.7642245278847296,
        "2": 1.5786595053160422,
        "3": 0.07456542483580463,
        "4": 0.16990528874845925,
        "5": 0.048640298334589376,
        "6": 1.0636916728903125,
        "7": 0.3022311286204917,
        "8": 0.42620055558340897,
        "9": 0.4224761568776718
    },
    "dc_per_class_pp_all": {
        "1": 0.9643065275011548,
        "10": 0.8560846045921867,
        "11": 0.46545635389519363,
        "12": 0.9048463682542778,
        "13": 0.8015922686543879,
        "14": 0.7092624863896954,
        "15": 0.0,
        "16": 0.843464501907755,
        "2": 0.31887410834779256,
        "3": 0.31589077348730904,
        "4": 0.47355851600112003,
        "5": 0.962745110605451,
        "6": 0.924142378099801,
        "7": 0.6128635817136986,
        "8": 0.5314842585353398,
        "9": 0.6949677899656854
    },
    "dc_per_class_pp_per_class": {
        "1": 0.9652379747685907,
        "10": 0.8608072240959853,
        "11": 0.46675276395824516,
        "12": 0.9048463682542778,
        "13": 0.8036469766291914,
        "14": 0.7025657955121564,
        "15": 0.9453952014395498,
        "16": 0.8434688159691023,
        "2": 0.9062800886308574,
        "3": 0.9355492405390825,
        "4": 0.5534239528301491,
        "5": 0.962810339778812,
        "6": 0.9261999025763498,
        "7": 0.6128635817136986,
        "8": 0.5364232562671939,
        "9": 0.6949677899656854
    },
    "dc_per_class_raw": {
        "1": 0.9643156059301893,
        "10": 0.8560762244617979,
        "11": 0.46545635389519363,
        "12": 0.8922800561879254,
        "13": 0.801399860147629,
        "14": 0.7092624863896954,
        "15": 0.9448048967744932,
        "16": 0.8425116004845298,
        "2": 0.9062800886308574,
        "3": 0.9334315646965355,
        "4": 0.553628271972105,
        "5": 0.9627437931146297,
        "6": 0.9241415451842664,
        "7": 0.6128635817136986,
        "8": 0.5314842585353398,
        "9": 0.6949677899656854
    },
    "for_which_classes": [
        1,
        10,
        11,
        12,
        13,
        15,
        16,
        3,
        5,
        6,
        8
    ],
    "min_valid_object_sizes": "None",
    "num_samples": 3,
    "validation_final": "validation_raw_postprocessed",
    "validation_raw": "validation_raw"
}