{
    "dc_per_class_pp_all": {
        "1": 0.959027148245661,
        "10": 0.8229712033107225,
        "11": 0.44488620245191957,
        "12": 0.8629781911818384,
        "13": 0.762111800678011,
        "14": 0.6367805545567745,
        "15": 0.0,
        "16": 0.8247455158165353,
        "2": 0.5861956559715567,
        "3": 0.5991946896863065,
        "4": 0.28737734552074506,
        "5": 0.9110548946587663,
        "6": 0.8625084057758899,
        "7": 0.4524393267554949,
        "8": 0.5395304688680126,
        "9": 0.7849748458323464
    },
    "dc_per_class_pp_per_class": {
        "1": 0.9591139948881199,
        "10": 0.7026834567308627,
        "11": 0.3196641141997229,
        "12": 0.8975583923839309,
        "13": 0.7878623168870996,
        "14": 0.63538957597914,
        "15": 0.9330158295398295,
        "16": 0.8276802565779219,
        "2": 0.8723881834915783,
        "3": 0.8696058981426885,
        "4": 0.29205965541089945,
        "5": 0.9244177429919257,
        "6": 0.8751279221848911,
        "7": 0.45245606622157136,
        "8": 0.5112189712139705,
        "9": 0.7849748458323464
    },
    "dc_per_class_raw": {
        "1": 0.9590376767632272,
        "10": 0.8229712033107225,
        "11": 0.44477546623635833,
        "12": 0.8249741977812352,
        "13": 0.7611101819665681,
        "14": 0.6367805545567745,
        "15": 0.9309434421312384,
        "16": 0.8247495671357843,
        "2": 0.8726026587109376,
        "3": 0.8534600468979375,
        "4": 0.28737734552074506,
        "5": 0.9110492446353757,
        "6": 0.862500868311327,
        "7": 0.4524393267554949,
        "8": 0.5364558405321816,
        "9": 0.7849748458323464
    },
    "for_which_classes": [
        1,
        12,
        13,
        15,
        16,
        3,
        4,
        5,
        6,
        7
    ],
    "min_valid_object_sizes": "None",
    "num_samples": 3,
    "validation_final": "validation_raw_postprocessed",
    "validation_raw": "validation_raw"
}