{
    "ahd_per_class_pp_per_class": {
        "1": 0.06486848962252684,
        "10": 0.15090622394197398,
        "11": 0.17752994886587878,
        "12": 0.20620920571471357,
        "13": 0.6824510648729909,
        "14": 0.13495111131886509,
        "15": 0.08697203410321884,
        "16": 0.5095710606713358,
        "2": 0.05339903508995792,
        "3": 0.059471378831094525,
        "4": 0.14877330764074606,
        "5": 0.04830631944351249,
        "6": 0.14250647056716007,
        "7": 0.2286185084180301,
        "8": 0.3534494256007787,
        "9": 0.17212971967700783
    },
    "ahd_per_class_raw": {
        "1": 0.07823288430284975,
        "10": 0.2577175371937707,
        "11": 0.2691295301860126,
        "12": 0.20641739111068058,
        "13": 0.7403200462367021,
        "14": 0.3554951018365508,
        "15": 0.12921974221707422,
        "16": 0.5381668177446349,
        "2": 0.123557752338789,
        "3": 0.05956962357025188,
        "4": 0.11539914314895544,
        "5": 0.049552816669451195,
        "6": 0.14263768501349425,
        "7": 0.22716353946933154,
        "8": 0.3534494256007787,
        "9": 0.17212971967700783
    },
    "dc_per_class_pp_all": {
        "1": 0.9509114943489193,
        "10": 0.8357723090487479,
        "11": 0.7514911986057324,
        "12": 0.9293321754828009,
        "13": 0.8058885099710172,
        "14": 0.7116331273765564,
        "15": 0.0,
        "16": 0.8642678857909111,
        "2": 0.933426058740654,
        "3": 0.928279152066406,
        "4": 0.5431734335945929,
        "5": 0.9584418592200326,
        "6": 0.9323028074902745,
        "7": 0.5982741142197346,
        "8": 0.5314133289095926,
        "9": 0.7901275082155307
    },
    "dc_per_class_pp_per_class": {
        "1": 0.9509171629932213,
        "10": 0.8384158655966235,
        "11": 0.7542977433872897,
        "12": 0.9293321754828009,
        "13": 0.8078005149025387,
        "14": 0.7241166207698888,
        "15": 0.9380349684453123,
        "16": 0.8642758278505887,
        "2": 0.933947270705739,
        "3": 0.9283912939544899,
        "4": 0.5430731699094331,
        "5": 0.9584544758459286,
        "6": 0.9322984194696828,
        "7": 0.5978816118986415,
        "8": 0.5314133289095926,
        "9": 0.7901275082155307
    },
    "dc_per_class_raw": {
        "1": 0.9503418251750954,
        "10": 0.835127097204431,
        "11": 0.7514911986057324,
        "12": 0.9293216051185494,
        "13": 0.8057490637537743,
        "14": 0.7116331273765564,
        "15": 0.9361564759904858,
        "16": 0.8642121808829826,
        "2": 0.933426058740654,
        "3": 0.928279152066406,
        "4": 0.5652001474558058,
        "5": 0.9584418592200326,
        "6": 0.9323028074902745,
        "7": 0.5982741142197346,
        "8": 0.5314133289095926,
        "9": 0.7901275082155307
    },
    "for_which_classes": [
        1,
        10,
        11,
        12,
        13,
        14,
        15,
        16,
        2,
        3,
        5,
        6
    ],
    "min_valid_object_sizes": "{1: 14960.011203848686, 10: 78.0969082432451, 11: 3.27939935998357, 12: 776.5903389688365, 13: 12048.334017337558, 14: 1.498621623109375, 15: 394.11175565984365, 16: 1828.777992982526, 2: 17.199988255757983, 3: 14.772380937328586, 5: 212.25326750465086, 6: 216.018010871645}",
    "num_samples": 3,
    "validation_final": "validation_raw_postprocessed",
    "validation_raw": "validation_raw"
}