{
    "ahd_per_class_pp_per_class": {
        "1": 0.06898197942891636,
        "10": 0.1604301826441007,
        "11": 0.16677369563507413,
        "12": 0.24070002919596115,
        "13": 0.9340705679857332,
        "14": 0.15706510190193612,
        "15": 0.09774835575236096,
        "16": 0.5959912620474856,
        "2": 0.05477384807427812,
        "3": 0.061194422335014154,
        "4": 0.13812409521233102,
        "5": 0.05028986019386613,
        "6": 0.15163817782265313,
        "7": 0.31917795808427923,
        "8": 0.6315227822208856,
        "9": 0.2309576275238586
    },
    "ahd_per_class_raw": {
        "1": 0.09575686826090372,
        "10": 0.3705015485810959,
        "11": 0.4805205732857461,
        "12": 0.24069100667346666,
        "13": 1.0022076597974297,
        "14": 0.6149811129051191,
        "15": 0.1832157222789382,
        "16": 0.6528229876852326,
        "2": 0.19479236561692204,
        "3": 0.061162955664841694,
        "4": 0.13053009758260495,
        "5": 0.052665760121853124,
        "6": 0.15142321191332345,
        "7": 0.3163339954209566,
        "8": 0.6315227822208856,
        "9": 0.2309576275238586
    },
    "dc_per_class_pp_all": {
        "1": 0.9509114943489193,
        "10": 0.8357723090487479,
        "11": 0.7514911986057324,
        "12": 0.9293321754828009,
        "13": 0.8058885099710172,
        "14": 0.7116331273765564,
        "15": 0.0,
        "16": 0.8642678857909111,
        "2": 0.933426058740654,
        "3": 0.928279152066406,
        "4": 0.5431734335945929,
        "5": 0.9584418592200326,
        "6": 0.9323028074902745,
        "7": 0.5982741142197346,
        "8": 0.5314133289095926,
        "9": 0.7901275082155307
    },
    "dc_per_class_pp_per_class": {
        "1": 0.9509171629932213,
        "10": 0.8384158655966235,
        "11": 0.7539341908573544,
        "12": 0.9293321754828009,
        "13": 0.8078005149025387,
        "14": 0.7185572362643636,
        "15": 0.9380349684453123,
        "16": 0.8642758278505887,
        "2": 0.933947270705739,
        "3": 0.9283912939544899,
        "4": 0.5638780581012487,
        "5": 0.9584544758459286,
        "6": 0.9322984194696828,
        "7": 0.5978816118986415,
        "8": 0.5314133289095926,
        "9": 0.7901275082155307
    },
    "dc_per_class_raw": {
        "1": 0.9503418251750954,
        "10": 0.835127097204431,
        "11": 0.7514911986057324,
        "12": 0.9293216051185494,
        "13": 0.8057490637537743,
        "14": 0.7116331273765564,
        "15": 0.9361564759904858,
        "16": 0.8642121808829826,
        "2": 0.933426058740654,
        "3": 0.928279152066406,
        "4": 0.5652001474558058,
        "5": 0.9584418592200326,
        "6": 0.9323028074902745,
        "7": 0.5982741142197346,
        "8": 0.5314133289095926,
        "9": 0.7901275082155307
    },
    "for_which_classes": [
        1,
        10,
        11,
        12,
        13,
        14,
        15,
        16,
        2,
        3,
        5
    ],
    "min_valid_object_sizes": "None",
    "num_samples": 3,
    "validation_final": "validation_raw_postprocessed",
    "validation_raw": "validation_raw"
}