{
    "dc_per_class_pp_all": {
        "1": 0.954917881637504,
        "10": 0.8310433921368038,
        "11": 0.0,
        "12": 0.6220612768237769,
        "13": 0.4892414563866092,
        "14": 0.0,
        "15": 0.0,
        "16": 0.7916593352135263,
        "2": 0.3021870882740448,
        "3": 0.29714736278899495,
        "4": 0.4337076870058892,
        "5": 0.9554034857929427,
        "6": 0.7494429418373797,
        "7": 0.5687388842928225,
        "8": 0.5406383423416153,
        "9": 0.755632140845164
    },
    "dc_per_class_pp_per_class": {
        "1": 0.9549750649232825,
        "10": 0.8312632097205075,
        "11": 0.0,
        "12": 0.6220612768237769,
        "13": 0.4894776641638264,
        "14": 0.0,
        "15": 0.952928167798814,
        "16": 0.7936465547063422,
        "2": 0.9184098081482105,
        "3": 0.9114334611114746,
        "4": 0.4337076870058892,
        "5": 0.9566347666147589,
        "6": 0.749556646017194,
        "7": 0.5687732032941156,
        "8": 0.43497381367561827,
        "9": 0.7552583766479254
    },
    "dc_per_class_raw": {
        "1": 0.9550978160287161,
        "10": 0.8310331349750272,
        "11": 0.0,
        "12": 0.62203937628562,
        "13": 0.4883303451827927,
        "14": 0.0,
        "15": 0.8868409749411654,
        "16": 0.7914413486202906,
        "2": 0.9184098081482105,
        "3": 0.9114334611114746,
        "4": 0.4981276593403981,
        "5": 0.9554034857929427,
        "6": 0.7494429418373797,
        "7": 0.5687388842928225,
        "8": 0.5406383423416153,
        "9": 0.755632140845164
    },
    "for_which_classes": [
        10,
        12,
        13,
        15,
        16,
        5,
        6,
        7
    ],
    "min_valid_object_sizes": "None",
    "num_samples": 3,
    "validation_final": "validation_raw_postprocessed",
    "validation_raw": "validation_raw"
}