{
    "dc_per_class_pp_all": {
        "1": 0.9521230765647927,
        "10": 0.8171564769104904,
        "11": 0.07877314769042291,
        "12": 0.798069120104259,
        "13": 0.7663068747627498,
        "14": 0.3422485478484745,
        "15": 0.3051725864695028,
        "16": 0.7819162678726199,
        "2": 0.2874422100451832,
        "3": 0.2587736130655409,
        "4": 0.3867704767595081,
        "5": 0.9449998400123341,
        "6": 0.8821475045561202,
        "7": 0.4853473204439663,
        "8": 0.28763918381492387,
        "9": 0.6056046980723674
    },
    "dc_per_class_pp_per_class": {
        "1": 0.9526946399728682,
        "10": 0.7582653931311967,
        "11": 0.007320192265290824,
        "12": 0.8010047970754899,
        "13": 0.7781080651972395,
        "14": 0.27116029163522876,
        "15": 0.9276920307227682,
        "16": 0.7890914705769371,
        "2": 0.9188918694217744,
        "3": 0.8706405025987028,
        "4": 0.3258879184770662,
        "5": 0.9481510743389915,
        "6": 0.8850931949105947,
        "7": 0.4857477111363578,
        "8": 0.288697972533044,
        "9": 0.6098904307568499
    },
    "dc_per_class_raw": {
        "1": 0.9518650072328462,
        "10": 0.8171227515296108,
        "11": 0.0790743306947011,
        "12": 0.7947094766488791,
        "13": 0.7659588576078474,
        "14": 0.3422485478484745,
        "15": 0.8827205358742628,
        "16": 0.7809579017758482,
        "2": 0.9098447211655755,
        "3": 0.8662934023643981,
        "4": 0.3867704767595081,
        "5": 0.9449800122476916,
        "6": 0.8821475045561202,
        "7": 0.4853473204439663,
        "8": 0.28763918381492387,
        "9": 0.6056046980723674
    },
    "for_which_classes": [
        1,
        12,
        13,
        15,
        16,
        2,
        3,
        5,
        6,
        7,
        8,
        9
    ],
    "min_valid_object_sizes": "None",
    "num_samples": 3,
    "validation_final": "validation_raw_postprocessed",
    "validation_raw": "validation_raw"
}