{
    "dc_per_class_pp_all": {
        "1": 0.9518108384848183,
        "10": 0.7843523119607435,
        "11": 0.13542462342995948,
        "12": 0.7316251117657842,
        "13": 0.7491603415666617,
        "14": 0.4514657498292344,
        "15": 0.09500030383707389,
        "16": 0.7513237044172285,
        "2": 0.24132931282671005,
        "3": 0.23134774305905684,
        "4": 0.38016487957837586,
        "5": 0.9442594140464182,
        "6": 0.8591492166519338,
        "7": 0.41901086556149514,
        "8": 0.24423241977643614,
        "9": 0.637408048270687
    },
    "dc_per_class_pp_per_class": {
        "1": 0.9518500102089531,
        "10": 0.7802862464504745,
        "11": 0.09655739257108181,
        "12": 0.7761923176342347,
        "13": 0.7607838687842982,
        "14": 0.4174195740538618,
        "15": 0.9174719785333249,
        "16": 0.7616409225614248,
        "2": 0.8920691374928957,
        "3": 0.8531843902302372,
        "4": 0.36541265996590144,
        "5": 0.9463326112007419,
        "6": 0.8776604310926126,
        "7": 0.4284208955952198,
        "8": 0.21820520149907918,
        "9": 0.6378555205820161
    },
    "dc_per_class_raw": {
        "1": 0.9513865939308752,
        "10": 0.7834581591460826,
        "11": 0.1412135284932598,
        "12": 0.7307005178204452,
        "13": 0.7487618159563716,
        "14": 0.45133239095697875,
        "15": 0.8925330399481105,
        "16": 0.7512809333640599,
        "2": 0.8696048386644991,
        "3": 0.8453890067252219,
        "4": 0.37989413403203687,
        "5": 0.9442594540409223,
        "6": 0.8591492166519338,
        "7": 0.41901086556149514,
        "8": 0.24423241977643614,
        "9": 0.637408048270687
    },
    "for_which_classes": [
        1,
        12,
        13,
        15,
        16,
        2,
        3,
        5,
        6,
        7,
        9
    ],
    "min_valid_object_sizes": "None",
    "num_samples": 10,
    "validation_final": "validation_raw_postprocessed",
    "validation_raw": "validation_raw"
}