{
    "dc_per_class_pp_all": {
        "1": 0.945385293333536,
        "10": 0.8761964056128098,
        "11": 0.5543910569885862,
        "12": 0.9199110180203114,
        "13": 0.8025911578990618,
        "14": 0.6012171046363441,
        "15": 0.0,
        "16": 0.8069343432104473,
        "2": 0.5897836311773642,
        "3": 0.6114034313817788,
        "4": 0.6118194509061076,
        "5": 0.9521105861633236,
        "6": 0.8983660346843504,
        "7": 0.6499517473760368,
        "8": 0.4734226063453089,
        "9": 0.7836982759038671
    },
    "dc_per_class_pp_per_class": {
        "1": 0.9453594968045786,
        "10": 0.8762000665165535,
        "11": 0.5506102730909295,
        "12": 0.9313215443012526,
        "13": 0.8028560732396306,
        "14": 0.6070685471640002,
        "15": 0.9064476487855083,
        "16": 0.8245986353277818,
        "2": 0.900744711399763,
        "3": 0.921784417051125,
        "4": 0.6109822296951816,
        "5": 0.9521225867644345,
        "6": 0.8984148706332583,
        "7": 0.6507446791082919,
        "8": 0.47346175185000083,
        "9": 0.7836982759038671
    },
    "dc_per_class_raw": {
        "1": 0.9455734718939204,
        "10": 0.8761964056128098,
        "11": 0.551161557279994,
        "12": 0.9182901582581366,
        "13": 0.802024445073022,
        "14": 0.6012171046363441,
        "15": 0.9059443964823637,
        "16": 0.8066741228246262,
        "2": 0.8987812633794162,
        "3": 0.921784417051125,
        "4": 0.6116763367101338,
        "5": 0.9521105861633236,
        "6": 0.8983660346843504,
        "7": 0.6499517473760368,
        "8": 0.4734226063453089,
        "9": 0.7836982759038671
    },
    "for_which_classes": [
        10,
        12,
        13,
        14,
        15,
        16,
        2,
        5,
        6,
        7,
        8
    ],
    "min_valid_object_sizes": "None",
    "num_samples": 3,
    "validation_final": "validation_raw_postprocessed",
    "validation_raw": "validation_raw"
}