{
    "dc_per_class_pp_all": {
        "1": 0.9491331993087163,
        "10": 0.8047817570846462,
        "11": 0.0,
        "12": 0.9142052075420328,
        "13": 0.7836878920621483,
        "14": 0.0,
        "15": 0.0,
        "16": 0.7851322292159919,
        "2": 0.30691037357704026,
        "3": 0.30803777232507995,
        "4": 0.07718491102721564,
        "5": 0.9543467485533067,
        "6": 0.8893591632921171,
        "7": 0.0,
        "8": 0.0,
        "9": 0.7794911964868233
    },
    "dc_per_class_pp_per_class": {
        "1": 0.9492846952030335,
        "10": 0.8047817570846462,
        "11": 0.0,
        "12": 0.9160273979975004,
        "13": 0.7853723498811419,
        "14": 0.0,
        "15": 0.94163554015433,
        "16": 0.7855146689899167,
        "2": 0.92955613260354,
        "3": 0.925675980072287,
        "4": 0.28843645997393186,
        "5": 0.9543473013894129,
        "6": 0.8916918235149845,
        "7": 0.0,
        "8": 0.0,
        "9": 0.7794911964868233
    },
    "dc_per_class_raw": {
        "1": 0.948870244515569,
        "10": 0.8026654994941381,
        "11": 0.0,
        "12": 0.9142052075420328,
        "13": 0.7835428954561899,
        "14": 0.0,
        "15": 0.9365027223160286,
        "16": 0.7851250718307575,
        "2": 0.92955613260354,
        "3": 0.925675980072287,
        "4": 0.36678903788722245,
        "5": 0.9543467485533067,
        "6": 0.8893591632921171,
        "7": 0.0,
        "8": 0.0,
        "9": 0.7794911964868233
    },
    "for_which_classes": [
        1,
        10,
        12,
        13,
        15,
        16,
        5,
        6
    ],
    "min_valid_object_sizes": "None",
    "num_samples": 3,
    "validation_final": "validation_raw_postprocessed",
    "validation_raw": "validation_raw"
}