{
    "ahd_per_class_pp_per_class": {
        "1": 0.08344851903074903,
        "10": 0.10051419779372012,
        "11": 0.45207610395078596,
        "12": 0.218604072025673,
        "13": 1.2741000084094172,
        "14": 0.3266118914682102,
        "15": 0.0800146717654585,
        "16": 1.8219847459469667,
        "2": 0.06218052469801971,
        "3": 0.07490886569036063,
        "4": 0.12519450908322904,
        "5": 0.05087146504551854,
        "6": 0.22700783838767738,
        "7": 0.3803840504556637,
        "8": 0.6281445976458898,
        "9": 0.21479095841946894
    },
    "ahd_per_class_raw": {
        "1": 0.08347358549847976,
        "10": 0.10051419779372012,
        "11": 0.43291362154233354,
        "12": 0.3947796804614663,
        "13": 1.5584705544246358,
        "14": 0.7393187367693205,
        "15": 1.51263213102781,
        "16": 2.01328881016892,
        "2": 0.28917701774588334,
        "3": 0.07490886569036063,
        "4": 0.12582053793434567,
        "5": 0.06101714324005857,
        "6": 0.22676966428293413,
        "7": 0.3803840504556637,
        "8": 0.6281445976458898,
        "9": 0.21479095841946894
    },
    "dc_per_class_pp_all": {
        "1": 0.9491312080455468,
        "10": 0.8975676927453146,
        "11": 0.6646791727123548,
        "12": 0.9331504542543914,
        "13": 0.7754896193924389,
        "14": 0.6837262472532669,
        "15": 0.0,
        "16": 0.7574536888950609,
        "2": 0.6118481769012479,
        "3": 0.6079300726732049,
        "4": 0.6175761612693803,
        "5": 0.954670171199418,
        "6": 0.9068676206941807,
        "7": 0.5349919257524564,
        "8": 0.4139216801798556,
        "9": 0.7647463033209889
    },
    "dc_per_class_pp_per_class": {
        "1": 0.9491078913385932,
        "10": 0.8975676927453146,
        "11": 0.6805748901263913,
        "12": 0.9332796100567609,
        "13": 0.7840953507228784,
        "14": 0.7195298743819265,
        "15": 0.9477331806850721,
        "16": 0.7578150287320323,
        "2": 0.9205720933559324,
        "3": 0.9116568764000087,
        "4": 0.6175761612693803,
        "5": 0.9549317082610126,
        "6": 0.9068726996047262,
        "7": 0.5349919257524564,
        "8": 0.4139216801798556,
        "9": 0.7647463033209889
    },
    "dc_per_class_raw": {
        "1": 0.9490888361120765,
        "10": 0.8975676927453146,
        "11": 0.6646791727123548,
        "12": 0.9294259434030107,
        "13": 0.7752421522844011,
        "14": 0.6837262472532669,
        "15": 0.9107295969217173,
        "16": 0.7561644245318523,
        "2": 0.9193601030721069,
        "3": 0.9116568764000087,
        "4": 0.6173824702815948,
        "5": 0.954670171199418,
        "6": 0.9068676206941807,
        "7": 0.5349919257524564,
        "8": 0.4139216801798556,
        "9": 0.7647463033209889
    },
    "for_which_classes": [
        1,
        11,
        12,
        13,
        14,
        15,
        16,
        2,
        4,
        5,
        6
    ],
    "min_proportion_kept": "None",
    "min_valid_object_sizes": "None",
    "num_samples": 3,
    "validation_final": "validation_raw_postprocessed",
    "validation_raw": "validation_raw"
}