{
    "dc_per_class_pp_all": {
        "1": 0.9589886052141173,
        "10": 0.8927639803206545,
        "11": 0.5602791286584563,
        "12": 0.9410051815266925,
        "13": 0.795838318650817,
        "14": 0.6250550833582328,
        "15": 0.0,
        "16": 0.8324935971476147,
        "2": 0.61384607603207,
        "3": 0.6091846046049526,
        "4": 0.5997123885521917,
        "5": 0.9594174932570002,
        "6": 0.9026351593051082,
        "7": 0.5470374610319843,
        "8": 0.421400918811712,
        "9": 0.7610343946009853
    },
    "dc_per_class_pp_per_class": {
        "1": 0.9590395531181685,
        "10": 0.8940468279279075,
        "11": 0.3273696031745745,
        "12": 0.9410051815266925,
        "13": 0.8044159579161779,
        "14": 0.6541859365210159,
        "15": 0.9576658515795423,
        "16": 0.8366107149084417,
        "2": 0.9214454262440435,
        "3": 0.9136607149260291,
        "4": 0.5997123885521917,
        "5": 0.9596264688933888,
        "6": 0.9026349916295117,
        "7": 0.5470374610319843,
        "8": 0.420087920994548,
        "9": 0.7638455729173964
    },
    "dc_per_class_raw": {
        "1": 0.959102301184458,
        "10": 0.8927639803206545,
        "11": 0.5600794735694515,
        "12": 0.9409632103931558,
        "13": 0.7958323241688982,
        "14": 0.6250550833582328,
        "15": 0.9152626809592178,
        "16": 0.8318060131824611,
        "2": 0.9187494294317461,
        "3": 0.9136607149260291,
        "4": 0.5997123885521917,
        "5": 0.9594159819431526,
        "6": 0.9026351593051082,
        "7": 0.5470374610319843,
        "8": 0.421400918811712,
        "9": 0.7610343946009853
    },
    "for_which_classes": [
        10,
        12,
        13,
        14,
        15,
        16,
        2,
        5,
        9
    ],
    "min_valid_object_sizes": "None",
    "num_samples": 3,
    "validation_final": "validation_raw_postprocessed",
    "validation_raw": "validation_raw"
}