{
    "dc_per_class_pp_all": {
        "1": 0.9557174855841296,
        "10": 0.8562258981967729,
        "11": 0.5271968343746755,
        "12": 0.9121254110972956,
        "13": 0.7931292483716483,
        "14": 0.6288867902524334,
        "15": 0.0,
        "16": 0.8296309494909243,
        "2": 0.6065767288630786,
        "3": 0.6118719767378012,
        "4": 0.5162251358467725,
        "5": 0.9481490036029275,
        "6": 0.9038529190887985,
        "7": 0.5711183440402848,
        "8": 0.49695680023651445,
        "9": 0.7629834993210842
    },
    "dc_per_class_pp_per_class": {
        "1": 0.9557439988677519,
        "10": 0.8355601171872464,
        "11": 0.3337115034752405,
        "12": 0.9203698137833212,
        "13": 0.8008028919000253,
        "14": 0.6401573739031549,
        "15": 0.9435444155544688,
        "16": 0.8349510815174656,
        "2": 0.9108152982938199,
        "3": 0.9127919972222609,
        "4": 0.5294111892425454,
        "5": 0.9508794763181971,
        "6": 0.9064912155843199,
        "7": 0.5710679218782019,
        "8": 0.4930366361554677,
        "9": 0.7635457349843665
    },
    "dc_per_class_raw": {
        "1": 0.9557297648205705,
        "10": 0.8561538750095651,
        "11": 0.5273394920312481,
        "12": 0.9039596970226473,
        "13": 0.7928344767200208,
        "14": 0.6288867902524334,
        "15": 0.9321017727154522,
        "16": 0.8294342929813595,
        "2": 0.9044035587346574,
        "3": 0.9093987172245327,
        "4": 0.5358047821876801,
        "5": 0.94814757133548,
        "6": 0.9038514115958859,
        "7": 0.5711183440402848,
        "8": 0.49634187456934825,
        "9": 0.7629834993210842
    },
    "for_which_classes": [
        1,
        12,
        13,
        14,
        15,
        16,
        2,
        3,
        5,
        6,
        9
    ],
    "min_valid_object_sizes": "None",
    "num_samples": 15,
    "validation_final": "cv_niftis_postprocessed",
    "validation_raw": "cv_niftis_raw"
}