{
    "ahd_per_class_pp_per_class": {
        "1": 0.058483431795240855,
        "10": 0.17393277423320286,
        "11": 2.1194153792696553,
        "12": 0.3365551610925521,
        "13": 1.4643543759287108,
        "14": 0.2296833673552022,
        "15": 0.05905778117613047,
        "16": 1.2139089866427453,
        "2": 0.05556639964862623,
        "3": 0.06195084891696001,
        "4": 0.16139507514973483,
        "5": 0.05027329761339519,
        "6": 0.18083878894604974,
        "7": 0.3259819365690233,
        "8": 0.42899988722497323,
        "9": 0.4885400589844983
    },
    "ahd_per_class_raw": {
        "1": 0.1945592943981247,
        "10": 0.714492599872469,
        "11": 1.948287516273342,
        "12": 0.4129098973505437,
        "13": 1.8097822657300817,
        "14": 0.34991974182640456,
        "15": 1.261351573115923,
        "16": 1.5879682873939236,
        "2": 1.7265252765166235,
        "3": 0.16510668551732235,
        "4": 0.16136890396512477,
        "5": 0.05027329761339519,
        "6": 0.2019334820629536,
        "7": 0.2953691953396205,
        "8": 0.405063880549432,
        "9": 0.4885400589844983
    },
    "dc_per_class_pp_all": {
        "1": 0.9580910569747715,
        "10": 0.8422815489591237,
        "11": 0.46982664767019505,
        "12": 0.8876365072188325,
        "13": 0.7462254603443906,
        "14": 0.7116075230379743,
        "15": 0.0,
        "16": 0.8080235640580913,
        "2": 0.318150871459695,
        "3": 0.3171229533655766,
        "4": 0.585569732288406,
        "5": 0.9601415135882787,
        "6": 0.924904649236239,
        "7": 0.6077861494173735,
        "8": 0.5313260736758036,
        "9": 0.6715442522889857
    },
    "dc_per_class_pp_per_class": {
        "1": 0.9622354342384329,
        "10": 0.8507053613500521,
        "11": 0.4399076050795579,
        "12": 0.8892194373481935,
        "13": 0.7562055712765146,
        "14": 0.7072820002709426,
        "15": 0.9638991677143528,
        "16": 0.8084580012301691,
        "2": 0.932636085500202,
        "3": 0.9374029396325816,
        "4": 0.5854581145112333,
        "5": 0.9601415135882787,
        "6": 0.9249523399733617,
        "7": 0.6072394719389401,
        "8": 0.5334401722544658,
        "9": 0.6715442522889857
    },
    "dc_per_class_raw": {
        "1": 0.9578401641071612,
        "10": 0.8421945781889036,
        "11": 0.46982664767019505,
        "12": 0.8876357502213051,
        "13": 0.745097449704765,
        "14": 0.7116075230379743,
        "15": 0.9470545063746426,
        "16": 0.8052770030081176,
        "2": 0.9036932848427662,
        "3": 0.9356158041503941,
        "4": 0.5852995435420857,
        "5": 0.9601415135882787,
        "6": 0.924904649236239,
        "7": 0.6077861494173735,
        "8": 0.5313260736758036,
        "9": 0.6715442522889857
    },
    "for_which_classes": [
        1,
        10,
        12,
        13,
        15,
        16,
        2,
        3,
        4,
        6,
        8
    ],
    "min_proportion_kept": "None",
    "min_valid_object_sizes": "None",
    "num_samples": 3,
    "validation_final": "validation_raw_postprocessed",
    "validation_raw": "validation_raw"
}