{
    "dc_per_class_pp_all": {
        "1": 0.9512417159903462,
        "10": 0.7643705095611705,
        "11": 0.0,
        "12": 0.8390845448023617,
        "13": 0.7143736821591604,
        "14": 0.0,
        "15": 0.0,
        "16": 0.8171753217866553,
        "2": 0.5890863371218412,
        "3": 0.5924023267527078,
        "4": 0.13385392017668402,
        "5": 0.9279915016795725,
        "6": 0.8653295182424703,
        "7": 0.31129894918023626,
        "8": 0.0,
        "9": 0.4926294421366369
    },
    "dc_per_class_pp_per_class": {
        "1": 0.9510770928385767,
        "10": 0.6782202401866653,
        "11": 0.0,
        "12": 0.8762746579536814,
        "13": 0.7498875389010463,
        "14": 0.0,
        "15": 0.8777340545011025,
        "16": 0.8228464062968803,
        "2": 0.8783491576346617,
        "3": 0.847684324308147,
        "4": 0.28831570489056957,
        "5": 0.9293440199607369,
        "6": 0.8773452258247293,
        "7": 0.32025428866057787,
        "8": 0.0,
        "9": 0.4926294421366369
    },
    "dc_per_class_raw": {
        "1": 0.9505190549630472,
        "10": 0.7643705095611705,
        "11": 0.0,
        "12": 0.8380522437941075,
        "13": 0.7138473828857056,
        "14": 0.0,
        "15": 0.8752226519675724,
        "16": 0.8171228312596068,
        "2": 0.8783607883119138,
        "3": 0.832349807468283,
        "4": 0.27785690469449786,
        "5": 0.9279908431690062,
        "6": 0.8652628685012411,
        "7": 0.31129894918023626,
        "8": 0.0,
        "9": 0.4926294421366369
    },
    "for_which_classes": [
        1,
        12,
        13,
        15,
        16,
        3,
        4,
        5,
        6,
        7
    ],
    "min_valid_object_sizes": "None",
    "num_samples": 3,
    "validation_final": "validation_raw_postprocessed",
    "validation_raw": "validation_raw"
}