{
    "dc_per_class_pp_all": {
        "1": 0.6567550692350588,
        "2": 0.8394949517254308
    },
    "dc_per_class_pp_per_class": {
        "1": 0.6700203472758943,
        "2": 0.8394702727486139
    },
    "dc_per_class_raw": {
        "1": 0.6681865172021348,
        "2": 0.843497121033962
    },
    "for_which_classes": [
        1
    ],
    "min_valid_object_sizes": "None",
    "num_samples": 32,
    "validation_final": "cv_niftis_postprocessed",
    "validation_raw": "cv_niftis_raw"
}