{
    "dc_per_class_pp_all": {
        "1": 0.959323888612738,
        "10": 0.8918330836880158,
        "11": 0.6224720494379764,
        "12": 0.9369014872024714,
        "13": 0.8066713975662315,
        "14": 0.6563767663591445,
        "15": 0.0,
        "16": 0.8415527976625614,
        "2": 0.9214363896718506,
        "3": 0.9135423687281437,
        "4": 0.5890230773292596,
        "5": 0.955964922439816,
        "6": 0.9107053565323038,
        "7": 0.511832406917527,
        "8": 0.38184175219601535,
        "9": 0.7463910995148512
    },
    "dc_per_class_pp_per_class": {
        "1": 0.9593963817929225,
        "10": 0.8918330836880158,
        "11": 0.650106385942918,
        "12": 0.9369014872024714,
        "13": 0.8135998610751213,
        "14": 0.6957348374908315,
        "15": 0.9567132340011443,
        "16": 0.8418511454364026,
        "2": 0.9214363896718506,
        "3": 0.9135423687281437,
        "4": 0.5890230773292596,
        "5": 0.9559686565969144,
        "6": 0.9107077752424555,
        "7": 0.511832406917527,
        "8": 0.38184175219601535,
        "9": 0.7463910995148512
    },
    "dc_per_class_raw": {
        "1": 0.9595068907131726,
        "10": 0.8918330836880158,
        "11": 0.6224720494379764,
        "12": 0.9369013502097241,
        "13": 0.8066423231590809,
        "14": 0.6563767663591445,
        "15": 0.9264702223758355,
        "16": 0.840198523709252,
        "2": 0.9143810225395158,
        "3": 0.9135423687281437,
        "4": 0.5890230773292596,
        "5": 0.955964922439816,
        "6": 0.9107053565323038,
        "7": 0.511832406917527,
        "8": 0.38184175219601535,
        "9": 0.7463910995148512
    },
    "for_which_classes": [
        11,
        12,
        13,
        14,
        15,
        16,
        2,
        5,
        6
    ],
    "min_valid_object_sizes": "None",
    "num_samples": 3,
    "validation_final": "validation_raw_postprocessed",
    "validation_raw": "validation_raw"
}