{
    "dc_per_class_pp_all": {
        "1": 0.950968778543997,
        "10": 0.8417790460520319,
        "11": 0.0,
        "12": 0.921278332647168,
        "13": 0.8146603248943799,
        "14": 0.5707759103431308,
        "15": 0.0,
        "16": 0.8582484823672466,
        "2": 0.3052469135802469,
        "3": 0.3067245725035456,
        "4": 0.21092195680382408,
        "5": 0.9546406251166718,
        "6": 0.9176669368660234,
        "7": 0.5520307117813643,
        "8": 0.437556849310705,
        "9": 0.7882280990722662
    },
    "dc_per_class_pp_per_class": {
        "1": 0.9510590976102417,
        "10": 0.8417790460520319,
        "11": 0.0,
        "12": 0.921736310606036,
        "13": 0.8174809427382265,
        "14": 0.46347216965008914,
        "15": 0.9435180009816596,
        "16": 0.8582569100477281,
        "2": 0.9244491337119237,
        "3": 0.9212428573258232,
        "4": 0.21078562454655556,
        "5": 0.9547868992880603,
        "6": 0.9176648069804156,
        "7": 0.5525303422699073,
        "8": 0.44797540673539366,
        "9": 0.7882280990722662
    },
    "dc_per_class_raw": {
        "1": 0.95053473533146,
        "10": 0.838231724870197,
        "11": 0.0,
        "12": 0.9212787391216525,
        "13": 0.8144185406834027,
        "14": 0.5692459357057743,
        "15": 0.9423516334925717,
        "16": 0.8581702167693508,
        "2": 0.9241202961414543,
        "3": 0.9210455409944037,
        "4": 0.357357557800964,
        "5": 0.9546406251166718,
        "6": 0.9176669368660234,
        "7": 0.5520307117813643,
        "8": 0.437556849310705,
        "9": 0.7882280990722662
    },
    "for_which_classes": [
        1,
        10,
        12,
        13,
        15,
        16,
        2,
        3,
        5,
        7,
        8
    ],
    "min_valid_object_sizes": "None",
    "num_samples": 3,
    "validation_final": "validation_raw_postprocessed",
    "validation_raw": "validation_raw"
}