{
    "dc_per_class_pp_all": {
        "1": 0.9658807648141322,
        "10": 0.8515861831168982,
        "11": 0.41964962344137385,
        "12": 0.9084694269823533,
        "13": 0.7959601536306051,
        "14": 0.7134342383457523,
        "15": 0.0,
        "16": 0.8496349206494949,
        "2": 0.3187760778859527,
        "3": 0.314891125672724,
        "4": 0.5184198916241203,
        "5": 0.958553446852664,
        "6": 0.9250859865106639,
        "7": 0.6165029679231893,
        "8": 0.5389314353452795,
        "9": 0.6717619266353309
    },
    "dc_per_class_pp_per_class": {
        "1": 0.9661905581850202,
        "10": 0.8567377144346002,
        "11": 0.41599157064252507,
        "12": 0.9084696426926758,
        "13": 0.7990922799336967,
        "14": 0.7065540407384914,
        "15": 0.9668517808453417,
        "16": 0.8496349206494949,
        "2": 0.9318071038091902,
        "3": 0.9371695664860153,
        "4": 0.572905168565495,
        "5": 0.958553446852664,
        "6": 0.9262539779175011,
        "7": 0.6165491506989192,
        "8": 0.5371231366066942,
        "9": 0.6717619266353309
    },
    "dc_per_class_raw": {
        "1": 0.9656168856236634,
        "10": 0.8515241674841194,
        "11": 0.41964962344137385,
        "12": 0.9079725603580444,
        "13": 0.7959089172426426,
        "14": 0.7134342383457523,
        "15": 0.9643306866824327,
        "16": 0.8488449416033479,
        "2": 0.8965907142376438,
        "3": 0.9371695664860153,
        "4": 0.5903600932565591,
        "5": 0.958553446852664,
        "6": 0.9250859865106639,
        "7": 0.6165029679231893,
        "8": 0.5389314353452795,
        "9": 0.6717619266353309
    },
    "for_which_classes": [
        1,
        10,
        12,
        13,
        15,
        16,
        2,
        6,
        7
    ],
    "min_valid_object_sizes": "None",
    "num_samples": 3,
    "validation_final": "validation_raw_postprocessed",
    "validation_raw": "validation_raw"
}