{
    "dc_per_class_pp_all": {
        "1": 0.9509714177589622,
        "10": 0.8381014680426458,
        "11": 0.7651742219161637,
        "12": 0.9201721785593066,
        "13": 0.8122929713052128,
        "14": 0.6832140116210293,
        "15": 0.0,
        "16": 0.8608877870156495,
        "2": 0.6155998237001872,
        "3": 0.6118572736448312,
        "4": 0.5438281280495165,
        "5": 0.9579536136452013,
        "6": 0.9411130331143669,
        "7": 0.6113162685244666,
        "8": 0.5082799530577354,
        "9": 0.7900500821867288
    },
    "dc_per_class_pp_per_class": {
        "1": 0.9509733305107541,
        "10": 0.8427246424729512,
        "11": 0.7516265280883344,
        "12": 0.9266213819628891,
        "13": 0.8135008997650631,
        "14": 0.7008461930242231,
        "15": 0.9407835311122893,
        "16": 0.8609081677524367,
        "2": 0.9296802592759498,
        "3": 0.92571583369593,
        "4": 0.5439107466933315,
        "5": 0.9579536136452013,
        "6": 0.9411120697053028,
        "7": 0.6105277174326906,
        "8": 0.5109547998059422,
        "9": 0.7900500821867288
    },
    "dc_per_class_raw": {
        "1": 0.9508326970734982,
        "10": 0.8377872580734813,
        "11": 0.7651742219161637,
        "12": 0.9201733967309154,
        "13": 0.8122101368718764,
        "14": 0.6832140116210293,
        "15": 0.9396769882131095,
        "16": 0.8603699855882901,
        "2": 0.9292310976053354,
        "3": 0.92571583369593,
        "4": 0.5682976823935276,
        "5": 0.9579536136452013,
        "6": 0.9411130331143669,
        "7": 0.6113162685244666,
        "8": 0.5082799530577354,
        "9": 0.7900500821867288
    },
    "for_which_classes": [
        1,
        10,
        12,
        13,
        14,
        15,
        16,
        2,
        8
    ],
    "min_valid_object_sizes": "None",
    "num_samples": 3,
    "validation_final": "validation_raw_postprocessed",
    "validation_raw": "validation_raw"
}