{
    "dc_per_class_pp_all": {
        "1": 0.9643065275011548,
        "10": 0.8560846045921867,
        "11": 0.46545635389519363,
        "12": 0.9048463682542778,
        "13": 0.8015922686543879,
        "14": 0.7092624863896954,
        "15": 0.0,
        "16": 0.843464501907755,
        "2": 0.31887410834779256,
        "3": 0.31589077348730904,
        "4": 0.47355851600112003,
        "5": 0.962745110605451,
        "6": 0.924142378099801,
        "7": 0.6128635817136986,
        "8": 0.5314842585353398,
        "9": 0.6949677899656854
    },
    "dc_per_class_pp_per_class": {
        "1": 0.9652379747685907,
        "10": 0.8608072240959853,
        "11": 0.4558510373915225,
        "12": 0.9048463682542778,
        "13": 0.8036469766291914,
        "14": 0.7025657955121564,
        "15": 0.9630953147452948,
        "16": 0.8434688159691023,
        "2": 0.9309007914844711,
        "3": 0.9355492405390825,
        "4": 0.535501572508636,
        "5": 0.962810339778812,
        "6": 0.9261999025763498,
        "7": 0.6128635817136986,
        "8": 0.5364232562671939,
        "9": 0.6949677899656854
    },
    "dc_per_class_raw": {
        "1": 0.9643156059301893,
        "10": 0.8560762244617979,
        "11": 0.46545635389519363,
        "12": 0.8922800561879254,
        "13": 0.801399860147629,
        "14": 0.7092624863896954,
        "15": 0.9448048967744932,
        "16": 0.8425116004845298,
        "2": 0.9062800886308574,
        "3": 0.9334315646965355,
        "4": 0.553628271972105,
        "5": 0.9627437931146297,
        "6": 0.9241415451842664,
        "7": 0.6128635817136986,
        "8": 0.5314842585353398,
        "9": 0.6949677899656854
    },
    "for_which_classes": [
        1,
        10,
        12,
        13,
        15,
        16,
        2,
        3,
        5,
        6,
        8
    ],
    "min_valid_object_sizes": "None",
    "num_samples": 3,
    "validation_final": "validation_raw_postprocessed",
    "validation_raw": "validation_raw"
}