{
    "dc_per_class_pp_all": {
        "1": 0.966295980177602,
        "10": 0.9408170508575495,
        "11": 0.8463224194231287,
        "12": 0.9451232380705555,
        "13": 0.9002480439667223,
        "14": 0.8202623162687036,
        "15": 0.0,
        "16": 0.9326280886135416,
        "2": 0.40969197623345094,
        "3": 0.42499669191031825,
        "4": 0.8293160520279546,
        "5": 0.9722522450570917,
        "6": 0.9096166804444141,
        "7": 0.8708123558381441,
        "8": 0.8376626866118518,
        "9": 0.9402810615036747
    },
    "dc_per_class_pp_per_class": {
        "1": 0.966282843152353,
        "10": 0.9408864538247136,
        "11": 0.7396777152215116,
        "12": 0.9503407790057865,
        "13": 0.9018515353899634,
        "14": 0.8218551462852877,
        "15": 0.9630911257279205,
        "16": 0.9344917424904856,
        "2": 0.9444893878230998,
        "3": 0.9452017660032813,
        "4": 0.8276472893200943,
        "5": 0.972375120785647,
        "6": 0.9099906342455047,
        "7": 0.8701364048027299,
        "8": 0.849595215164021,
        "9": 0.9401909697164867
    },
    "dc_per_class_raw": {
        "1": 0.9667475229640811,
        "10": 0.9408170508575495,
        "11": 0.8457347718919558,
        "12": 0.944128478502621,
        "13": 0.9001022210924275,
        "14": 0.8202623162687036,
        "15": 0.9632273310461761,
        "16": 0.9324967370816992,
        "2": 0.9444893878230998,
        "3": 0.9485958712065762,
        "4": 0.8293160520279546,
        "5": 0.9722522450570917,
        "6": 0.9096163357163504,
        "7": 0.8708123558381441,
        "8": 0.8376626866118518,
        "9": 0.9402810615036747
    },
    "for_which_classes": [
        10,
        12,
        13,
        14,
        16,
        5,
        6,
        8
    ],
    "min_valid_object_sizes": "None",
    "num_samples": 23,
    "validation_final": "validation_raw_postprocessed",
    "validation_raw": "validation_raw"
}