{
    "dc_per_class_pp_all": {
        "1": 0.9503630604485624,
        "10": 0.8398111078458307,
        "11": 0.6723358106910794,
        "12": 0.9247597296998048,
        "13": 0.814112579734199,
        "14": 0.6413953581625492,
        "15": 0.0,
        "16": 0.8562633872327868,
        "2": 0.9278467390670962,
        "3": 0.9283509818063047,
        "4": 0.567806945083461,
        "5": 0.9560015135730883,
        "6": 0.9324858364430785,
        "7": 0.6217421554861776,
        "8": 0.5134451760283654,
        "9": 0.7868245835733328
    },
    "dc_per_class_pp_per_class": {
        "1": 0.9503863663749946,
        "10": 0.844704308268943,
        "11": 0.4258965722397403,
        "12": 0.9281342619414682,
        "13": 0.8149315370610593,
        "14": 0.665089502801623,
        "15": 0.9473860024732176,
        "16": 0.8567097077557667,
        "2": 0.9283820661656873,
        "3": 0.9283509818063047,
        "4": 0.567806945083461,
        "5": 0.9560015135730883,
        "6": 0.9325444214182289,
        "7": 0.6214346762285298,
        "8": 0.5178896417944078,
        "9": 0.7868245835733328
    },
    "dc_per_class_raw": {
        "1": 0.9502250720132541,
        "10": 0.8394509919097911,
        "11": 0.6729271402679676,
        "12": 0.9247597296998048,
        "13": 0.8139426694327346,
        "14": 0.6413953581625492,
        "15": 0.9437193139025043,
        "16": 0.8562408389632129,
        "2": 0.9278467390670962,
        "3": 0.9280194368279769,
        "4": 0.5917123702311221,
        "5": 0.9560015135730883,
        "6": 0.9324858364430785,
        "7": 0.6217421554861776,
        "8": 0.5134451760283654,
        "9": 0.7868245835733328
    },
    "for_which_classes": [
        1,
        10,
        12,
        13,
        14,
        15,
        16,
        2,
        3,
        6,
        8
    ],
    "min_valid_object_sizes": "None",
    "num_samples": 3,
    "validation_final": "validation_raw_postprocessed",
    "validation_raw": "validation_raw"
}