{
    "dc_per_class_pp_all": {
        "1": 0.9453777747872841,
        "10": 0.8759493506747734,
        "11": 0.5680944804711453,
        "12": 0.9029100515013248,
        "13": 0.7900074500131488,
        "14": 0.5405706329208606,
        "15": 0.0,
        "16": 0.8004904631342407,
        "2": 0.5846863180437486,
        "3": 0.6096067283157551,
        "4": 0.538430131639214,
        "5": 0.9508014172914786,
        "6": 0.9054508469626626,
        "7": 0.6475004853775264,
        "8": 0.4608333272872323,
        "9": 0.7858156769049902
    },
    "dc_per_class_pp_per_class": {
        "1": 0.9453539699494057,
        "10": 0.8759493506747734,
        "11": 0.5449059439749875,
        "12": 0.9316564197088643,
        "13": 0.791594435558134,
        "14": 0.5439155561533734,
        "15": 0.9098231383679302,
        "16": 0.8177242159482762,
        "2": 0.8938259273728137,
        "3": 0.9192597144224336,
        "4": 0.5352374501256792,
        "5": 0.9508678959640845,
        "6": 0.9054495591669651,
        "7": 0.6481748910725657,
        "8": 0.54944480402684,
        "9": 0.7858156769049902
    },
    "dc_per_class_raw": {
        "1": 0.9455746361594423,
        "10": 0.8759493506747734,
        "11": 0.5680944804711453,
        "12": 0.9005321294264883,
        "13": 0.7897609485782712,
        "14": 0.5405706329208606,
        "15": 0.9071440175164414,
        "16": 0.8000820886381147,
        "2": 0.8910439510879025,
        "3": 0.9192597144224336,
        "4": 0.6022195422809106,
        "5": 0.9508007762604954,
        "6": 0.9054508469626626,
        "7": 0.6475004853775264,
        "8": 0.4608333272872323,
        "9": 0.7858156769049902
    },
    "for_which_classes": [
        12,
        13,
        14,
        15,
        16,
        2,
        5,
        7,
        8
    ],
    "min_valid_object_sizes": "None",
    "num_samples": 3,
    "validation_final": "validation_raw_postprocessed",
    "validation_raw": "validation_raw"
}