{
    "ahd_per_class_pp_per_class": {
        "1": 0.11701998169034211,
        "10": 2.0891075866570783,
        "11": 0.4599598669350158,
        "12": 0.2888737705542513,
        "13": 2.3382969660571793,
        "14": 0.2867300392305164,
        "15": 0.10076617073741057,
        "16": 0.6245233448651915,
        "2": 0.08538703009835512,
        "3": 0.10764943347637436,
        "4": 0.23863390742922014,
        "5": 0.15331658272675122,
        "6": 0.276926148920783,
        "7": 0.48228399910439507,
        "8": 0.48478455707464746,
        "9": 0.19663339846578007
    },
    "ahd_per_class_raw": {
        "1": 0.1102519932874091,
        "10": 0.8225968353660384,
        "11": 0.6183263611996566,
        "12": 3.7958497171611008,
        "13": 3.149249684175137,
        "14": 0.864925525482219,
        "15": 0.21378563402772097,
        "16": 1.394002931910494,
        "2": 0.08538703009835512,
        "3": 0.2740965964628422,
        "4": 0.4137372629244895,
        "5": 0.4631760817105733,
        "6": 1.4436326092029095,
        "7": 0.4795882981643857,
        "8": 0.4834927338800444,
        "9": 0.1890254918972216
    },
    "dc_per_class_pp_all": {
        "1": 0.94654575917011,
        "10": 0.8291704316108502,
        "11": 0.611002094822036,
        "12": 0.8600964554121173,
        "13": 0.678643136132851,
        "14": 0.6467703674479329,
        "15": 0.0,
        "16": 0.8392993757353541,
        "2": 0.8917862867860631,
        "3": 0.869580770315129,
        "4": 0.1687124575607208,
        "5": 0.9176943078209164,
        "6": 0.8901484848437518,
        "7": 0.5112419441494424,
        "8": 0.5185872177370233,
        "9": 0.7844948245789826
    },
    "dc_per_class_pp_per_class": {
        "1": 0.9464723237077176,
        "10": 0.7185076784809331,
        "11": 0.6128478062512922,
        "12": 0.903584412124195,
        "13": 0.7036037229081497,
        "14": 0.6482000391567977,
        "15": 0.9098326704713052,
        "16": 0.8428456155883852,
        "2": 0.8917862867860631,
        "3": 0.869580770315129,
        "4": 0.3236786562086667,
        "5": 0.9224513544775835,
        "6": 0.8929242679563626,
        "7": 0.5110448633449843,
        "8": 0.5094119957076236,
        "9": 0.7881331755238413
    },
    "dc_per_class_raw": {
        "1": 0.9464080109426222,
        "10": 0.8291704316108502,
        "11": 0.611002094822036,
        "12": 0.8565596446648867,
        "13": 0.6779795483619694,
        "14": 0.6466862978634044,
        "15": 0.907697221464865,
        "16": 0.8392733990146891,
        "2": 0.8917862867860631,
        "3": 0.8516749087182479,
        "4": 0.3016443188298186,
        "5": 0.9176943078209164,
        "6": 0.8901437907006384,
        "7": 0.5112419441494424,
        "8": 0.5185872177370233,
        "9": 0.7844948245789826
    },
    "for_which_classes": [
        1,
        11,
        12,
        13,
        14,
        15,
        16,
        3,
        4,
        5,
        6,
        9
    ],
    "min_proportion_kept": "None",
    "min_valid_object_sizes": "None",
    "num_samples": 3,
    "validation_final": "validation_raw_postprocessed",
    "validation_raw": "validation_raw"
}