{
    "dc_per_class_pp_all": {
        "1": 0.9461047571175986,
        "10": 0.8529675227048061,
        "11": 0.5367651090419727,
        "12": 0.5383099505551755,
        "13": 0.5984157756199632,
        "14": 0.5604206791451968,
        "15": 0.0,
        "16": 0.6767796580310449,
        "2": 0.2813653205028252,
        "3": 0.298420632441251,
        "4": 0.4736720182880596,
        "5": 0.9479929681847691,
        "6": 0.7593743659899107,
        "7": 0.5559063724870003,
        "8": 0.6759374015474141,
        "9": 0.7297513032799849
    },
    "dc_per_class_pp_per_class": {
        "1": 0.9461349622798672,
        "10": 0.8531780417541078,
        "11": 0.4867826114136115,
        "12": 0.6020030908923726,
        "13": 0.5853922390537982,
        "14": 0.5629068990379732,
        "15": 0.9186905718458257,
        "16": 0.6956967909568236,
        "2": 0.9032591510296597,
        "3": 0.9267375708878408,
        "4": 0.5258298684605036,
        "5": 0.9479923753578238,
        "6": 0.7593885895175281,
        "7": 0.5566515705695657,
        "8": 0.7385651577224143,
        "9": 0.7297513032799849
    },
    "dc_per_class_raw": {
        "1": 0.9460839617771644,
        "10": 0.8529675227048061,
        "11": 0.5367651090419727,
        "12": 0.5378417789525308,
        "13": 0.5983657954051901,
        "14": 0.5604206791451968,
        "15": 0.9171278511164807,
        "16": 0.6768445373575576,
        "2": 0.9032591510296597,
        "3": 0.9267375708878408,
        "4": 0.5694292818625948,
        "5": 0.9479929681847691,
        "6": 0.7593743659899107,
        "7": 0.5559063724870003,
        "8": 0.6759374015474141,
        "9": 0.7297513032799849
    },
    "for_which_classes": [
        1,
        10,
        12,
        14,
        15,
        16,
        6,
        7,
        8
    ],
    "min_valid_object_sizes": "None",
    "num_samples": 3,
    "validation_final": "validation_raw_postprocessed",
    "validation_raw": "validation_raw"
}