{
    "dc_per_class_pp_all": {
        "1": 0.945483006414258,
        "10": 0.8729385789804193,
        "11": 0.5014809542301774,
        "12": 0.9237465142358298,
        "13": 0.7903660815301533,
        "14": 0.6083323240658304,
        "15": 0.0,
        "16": 0.7946897380913454,
        "2": 0.5868893769050129,
        "3": 0.6086977497038905,
        "4": 0.6320256611950651,
        "5": 0.9506477833470198,
        "6": 0.8978455173008144,
        "7": 0.6001484592305995,
        "8": 0.48820445149352015,
        "9": 0.7976565861570905
    },
    "dc_per_class_pp_per_class": {
        "1": 0.9454643239932604,
        "10": 0.8729697294977997,
        "11": 0.3068991023412336,
        "12": 0.9270137942222028,
        "13": 0.7927978160887177,
        "14": 0.6163226402115368,
        "15": 0.913926858704445,
        "16": 0.813792219178859,
        "2": 0.8975065801517309,
        "3": 0.9198239957567664,
        "4": 0.631950137554144,
        "5": 0.9506595352308714,
        "6": 0.8978559285114261,
        "7": 0.6019334910033183,
        "8": 0.4889071079822853,
        "9": 0.7976565861570905
    },
    "dc_per_class_raw": {
        "1": 0.945606007162247,
        "10": 0.8729385789804193,
        "11": 0.5014809542301774,
        "12": 0.9236091628425015,
        "13": 0.7901277229292089,
        "14": 0.6083323240658304,
        "15": 0.9165987988976579,
        "16": 0.7944149117121547,
        "2": 0.8969087327258954,
        "3": 0.9198239957567664,
        "4": 0.6313636611164593,
        "5": 0.9506477833470198,
        "6": 0.8978455173008144,
        "7": 0.6001484592305995,
        "8": 0.48820445149352015,
        "9": 0.7976565861570905
    },
    "for_which_classes": [
        10,
        12,
        13,
        14,
        16,
        2,
        4,
        5,
        6,
        7,
        8
    ],
    "min_valid_object_sizes": "None",
    "num_samples": 3,
    "validation_final": "validation_raw_postprocessed",
    "validation_raw": "validation_raw"
}