,Target,Background,Bone,Malleus,Incus,Stapes,Vestibule_and_Cochlea,Vestibular_Nerve,Superior_Vestibular_Nerve,Inferior_Vestibular_Nerve,Cochlear_Nerve,Facial_Nerve,Chorda_Tympani,ICA,Sinus_and_Dura,Vestibular_Aqueduct,TMJ,EAC
0,jhu_011.nii.gz,0.006424471123148095,0.001023754189782242,0.00256247995123369,0.0035855487141492337,0.013658588863399046,0.005929631285864496,0.008273848635436811,0.16565530665548273,0.06345926834381656,0.2853212989913802,0.020204382405483293,0.15243300798344772,0.1372631654717336,0.05640499858851784,0.042661334006854894,0.004088142366193086,0.10586981789440274
