,Target,Background,Bone,Malleus,Incus,Stapes,Vestibule_and_Cochlea,Vestibular_Nerve,Superior_Vestibular_Nerve,Inferior_Vestibular_Nerve,Cochlear_Nerve,Facial_Nerve,Chorda_Tympani,ICA,Sinus_and_Dura,Vestibular_Aqueduct,TMJ,EAC
0,jhu_007.nii.gz,0.004034749102007428,0.001045213931585685,0.004100949273252187,0.0026877762522605777,0.04534547989402535,0.003203755234461395,0.01485883857256226,0.0738202746051355,0.01160940619148024,0.018614400159121067,0.0452648591841977,0.22226800041936534,0.035012058500715613,0.047578342475073504,0.20785130917846417,0.0007727759261869434,0.198108334787497
