,Target,Background,Bone,Malleus,Incus,Stapes,Vestibule_and_Cochlea,Vestibular_Nerve,Superior_Vestibular_Nerve,Inferior_Vestibular_Nerve,Cochlear_Nerve,Facial_Nerve,Chorda_Tympani,ICA,Sinus_and_Dura,Vestibular_Aqueduct,TMJ,EAC
0,jhu_000.nii.gz,0.00760586061611675,0.001500885302334107,0.0019896086750137263,0.0030908902869168317,0.010303791537893325,0.0013213463638858556,0.02158334054869423,0.05743909985221521,1.3632024697425105,0.08800089084755901,0.0148667675357672,0.05365006345684986,0.011996984134638329,0.6851061118019487,0.03342891332481161,0.0013346480984886475,0.08579638791180544
