{
    "dc_per_class_pp_all": {
        "1": 0.9572976815833646,
        "10": 0.8257389998405462,
        "11": 0.0,
        "12": 0.5995039787512447,
        "13": 0.5055151215234851,
        "14": 0.0,
        "15": 0.0,
        "16": 0.7729899331328057,
        "2": 0.310698087475023,
        "3": 0.3128882927692551,
        "4": 0.5165871535215363,
        "5": 0.954727167976995,
        "6": 0.7596168667206932,
        "7": 0.5001178968126235,
        "8": 0.4338600940690211,
        "9": 0.7366438124585629
    },
    "dc_per_class_pp_per_class": {
        "1": 0.9573475844722039,
        "10": 0.8257284290538754,
        "11": 0.0,
        "12": 0.5997455012477135,
        "13": 0.5069676615513908,
        "14": 0.0,
        "15": 0.950947803831412,
        "16": 0.7729899331328057,
        "2": 0.92013753180967,
        "3": 0.911706004533915,
        "4": 0.5165871535215363,
        "5": 0.9548555658222037,
        "6": 0.7596245306807538,
        "7": 0.5001178968126235,
        "8": 0.43381737692214634,
        "9": 0.7366438124585629
    },
    "dc_per_class_raw": {
        "1": 0.9574134087085597,
        "10": 0.8257389998405462,
        "11": 0.0,
        "12": 0.596759283799039,
        "13": 0.5054843108097722,
        "14": 0.0,
        "15": 0.9111418227954694,
        "16": 0.7729599415222741,
        "2": 0.92013753180967,
        "3": 0.911706004533915,
        "4": 0.5165871535215363,
        "5": 0.954727167976995,
        "6": 0.7596168667206932,
        "7": 0.5001178968126235,
        "8": 0.4338600940690211,
        "9": 0.7366438124585629
    },
    "for_which_classes": [
        12,
        13,
        15,
        16,
        5,
        6
    ],
    "min_valid_object_sizes": "None",
    "num_samples": 3,
    "validation_final": "validation_raw_postprocessed",
    "validation_raw": "validation_raw"
}