{
    "dc_per_class_pp_all": {
        "1": 0.9572964787537632,
        "10": 0.8257481689180223,
        "11": 0.0,
        "12": 0.5995132715165435,
        "13": 0.5055173781919818,
        "14": 0.0,
        "15": 0.0,
        "16": 0.7729939389413397,
        "2": 0.31073750991276766,
        "3": 0.3128970360848749,
        "4": 0.5165502222225792,
        "5": 0.9547276740376086,
        "6": 0.7596028184695579,
        "7": 0.4999704635163951,
        "8": 0.4343709930008448,
        "9": 0.7366535960976267
    },
    "dc_per_class_pp_per_class": {
        "1": 0.957346408577593,
        "10": 0.8257363873898266,
        "11": 0.0,
        "12": 0.5997549720390173,
        "13": 0.5069696530428768,
        "14": 0.0,
        "15": 0.9509542790044723,
        "16": 0.7729939389413397,
        "2": 0.9201592772880821,
        "3": 0.9116934701185496,
        "4": 0.5165502222225792,
        "5": 0.9548547705613659,
        "6": 0.7596098630428899,
        "7": 0.4999704635163951,
        "8": 0.4343298241516946,
        "9": 0.7366535960976267
    },
    "dc_per_class_raw": {
        "1": 0.9574127208460818,
        "10": 0.8257481689180223,
        "11": 0.0,
        "12": 0.5967684191909585,
        "13": 0.5054863581992045,
        "14": 0.0,
        "15": 0.9111398809983456,
        "16": 0.7729650305406723,
        "2": 0.9201592772880821,
        "3": 0.9116934701185496,
        "4": 0.5165502222225792,
        "5": 0.9547276740376086,
        "6": 0.7596028184695579,
        "7": 0.4999704635163951,
        "8": 0.4343709930008448,
        "9": 0.7366535960976267
    },
    "for_which_classes": [
        12,
        13,
        15,
        16,
        5,
        6
    ],
    "min_valid_object_sizes": "None",
    "num_samples": 3,
    "validation_final": "validation_raw_postprocessed",
    "validation_raw": "validation_raw"
}