{
    "ahd_per_class_pp_per_class": {
        "1": 0.07679436937776514,
        "10": 0.16829703857401054,
        "11": 0.14648000171413286,
        "12": 0.20059806366202038,
        "13": 1.5025616934626749,
        "14": 0.15065614173294753,
        "15": 0.0896384261523218,
        "16": 1.1963235046296818,
        "2": 0.060753671307478385,
        "3": 0.06217529703749688,
        "4": 0.11701559789366123,
        "5": 0.05144927749720502,
        "6": 0.13313951492090412,
        "7": 0.3028152449900639,
        "8": 0.6480208528391737,
        "9": 0.22550137752915336
    },
    "ahd_per_class_raw": {
        "1": 0.08843405071697717,
        "10": 0.23063931277616978,
        "11": 0.14467548621337697,
        "12": 0.3244226759606346,
        "13": 2.156731597141165,
        "14": 0.1970624232222973,
        "15": 0.1487376155653534,
        "16": 1.2133079664046156,
        "2": 0.5786543587855513,
        "3": 0.0641188653891091,
        "4": 0.11701559789366123,
        "5": 0.05194475787846866,
        "6": 0.143247142255948,
        "7": 0.3028152449900639,
        "8": 0.6480208528391737,
        "9": 0.22550137752915336
    },
    "dc_per_class_pp_all": {
        "1": 0.9443780460458434,
        "10": 0.841851889657001,
        "11": 0.7689258937046777,
        "12": 0.9323199961199977,
        "13": 0.7473876781916294,
        "14": 0.7235451120287341,
        "15": 0.0,
        "16": 0.79150460671323,
        "2": 0.6104673504735051,
        "3": 0.6108877783129156,
        "4": 0.5987345225426145,
        "5": 0.9571755863972039,
        "6": 0.943046665465502,
        "7": 0.6149471753178634,
        "8": 0.5260475680490829,
        "9": 0.7973465962419489
    },
    "dc_per_class_pp_per_class": {
        "1": 0.9444377793166434,
        "10": 0.8423321679464936,
        "11": 0.770967265983586,
        "12": 0.9328386362499023,
        "13": 0.7597250290794589,
        "14": 0.7254751048895075,
        "15": 0.9372547624204514,
        "16": 0.7915466014565804,
        "2": 0.9263398676655322,
        "3": 0.9279751176642508,
        "4": 0.5987345225426145,
        "5": 0.9571781004136605,
        "6": 0.943066110433285,
        "7": 0.6149471753178634,
        "8": 0.5260475680490829,
        "9": 0.7973465962419489
    },
    "dc_per_class_raw": {
        "1": 0.944160231835444,
        "10": 0.841852473279698,
        "11": 0.7689258937046777,
        "12": 0.9322880691410406,
        "13": 0.7462609078787571,
        "14": 0.7235451120287341,
        "15": 0.9355026543453523,
        "16": 0.7914566573086051,
        "2": 0.917547843522601,
        "3": 0.9279614660047303,
        "4": 0.5987345225426145,
        "5": 0.9571755863972039,
        "6": 0.943046665465502,
        "7": 0.6149471753178634,
        "8": 0.5260475680490829,
        "9": 0.7973465962419489
    },
    "for_which_classes": [
        1,
        10,
        11,
        12,
        13,
        14,
        15,
        16,
        2,
        3,
        5,
        6
    ],
    "min_proportion_kept": "0.1",
    "min_valid_object_sizes": "None",
    "num_samples": 3,
    "validation_final": "validation_raw_postprocessed",
    "validation_raw": "validation_raw"
}