{
    "dc_per_class_pp_all": {
        "1": 0.9573554174956235,
        "10": 0.82598920312789,
        "11": 0.5631815191256578,
        "12": 0.9040360811666441,
        "13": 0.8071699450413122,
        "14": 0.47440594557393084,
        "15": 0.0,
        "16": 0.8301923510745683,
        "2": 0.8666225586801025,
        "3": 0.8356955714500413,
        "4": 0.2869402169708278,
        "5": 0.9389764973279052,
        "6": 0.8810062800649089,
        "7": 0.77105367466111,
        "8": 0.5322425899585709,
        "9": 0.7664436226414474
    },
    "dc_per_class_pp_per_class": {
        "1": 0.9573890303583323,
        "10": 0.8458617108671854,
        "11": 0.3499533534516908,
        "12": 0.9063255776296311,
        "13": 0.808421314158471,
        "14": 0.4734669094029645,
        "15": 0.954601899792293,
        "16": 0.8373975998307391,
        "2": 0.8666225586801025,
        "3": 0.8243750891679978,
        "4": 0.2873939063309168,
        "5": 0.945053182171946,
        "6": 0.8810231329734878,
        "7": 0.7715067150918271,
        "8": 0.5757905788541238,
        "9": 0.7664825512897027
    },
    "dc_per_class_raw": {
        "1": 0.9573102776590577,
        "10": 0.82598920312789,
        "11": 0.5630583246288958,
        "12": 0.9039463748603739,
        "13": 0.807067986652942,
        "14": 0.47440594557393084,
        "15": 0.9534580109331943,
        "16": 0.8300930415133002,
        "2": 0.8666225586801025,
        "3": 0.8185535865184018,
        "4": 0.28651701502226445,
        "5": 0.938952403974023,
        "6": 0.8810062800649089,
        "7": 0.77105367466111,
        "8": 0.5322425899585709,
        "9": 0.7664436226414474
    },
    "for_which_classes": [
        1,
        10,
        12,
        13,
        15,
        16,
        3,
        4,
        5,
        6,
        7,
        8,
        9
    ],
    "min_valid_object_sizes": "None",
    "num_samples": 3,
    "validation_final": "validation_raw_postprocessed",
    "validation_raw": "validation_raw"
}