{
    "dc_per_class_pp_all": {
        "1": 0.9555296222341639,
        "10": 0.8385142344374478,
        "11": 0.5489521518309045,
        "12": 0.9094656981306771,
        "13": 0.8055102600356646,
        "14": 0.5234700248508906,
        "15": 0.0,
        "16": 0.817458527410318,
        "2": 0.8603842141553973,
        "3": 0.8406050992498045,
        "4": 0.30437762194462,
        "5": 0.9393359095145551,
        "6": 0.8728036846973298,
        "7": 0.7641452298530371,
        "8": 0.5340558301174209,
        "9": 0.7628224164330991
    },
    "dc_per_class_pp_per_class": {
        "1": 0.9555682742404131,
        "10": 0.8543237478751967,
        "11": 0.30794260790952815,
        "12": 0.9178672510209669,
        "13": 0.8099830907832327,
        "14": 0.5221369551135239,
        "15": 0.9502361991167391,
        "16": 0.8217773509252423,
        "2": 0.8573853044184329,
        "3": 0.8406050992498045,
        "4": 0.30437762194462,
        "5": 0.9458782120294412,
        "6": 0.8728480745884597,
        "7": 0.7642274732837441,
        "8": 0.5688003857456081,
        "9": 0.7628224164330991
    },
    "dc_per_class_raw": {
        "1": 0.955329435863678,
        "10": 0.8383748920981047,
        "11": 0.5484595050279893,
        "12": 0.9082856410041256,
        "13": 0.8045186072245079,
        "14": 0.5235497238412417,
        "15": 0.9465294579774719,
        "16": 0.8174452332809015,
        "2": 0.8603842141553973,
        "3": 0.8231441100065776,
        "4": 0.29992498713810184,
        "5": 0.9391326768590359,
        "6": 0.8728036846973298,
        "7": 0.7641452298530371,
        "8": 0.5340558301174209,
        "9": 0.7628224164330991
    },
    "for_which_classes": [
        1,
        10,
        12,
        13,
        15,
        16,
        3,
        4,
        5,
        6,
        7,
        8
    ],
    "min_valid_object_sizes": "None",
    "num_samples": 3,
    "validation_final": "validation_raw_postprocessed",
    "validation_raw": "validation_raw"
}