{
    "dc_per_class_pp_all": {
        "1": 0.9647256075980494,
        "10": 0.8526446205262372,
        "11": 0.4570020758417445,
        "12": 0.9081374388423115,
        "13": 0.8032174612650614,
        "14": 0.6328706311187796,
        "15": 0.0,
        "16": 0.8399625091663392,
        "2": 0.3181057963396569,
        "3": 0.31393185788755207,
        "4": 0.4942033388823998,
        "5": 0.9636233331787628,
        "6": 0.9237896766191018,
        "7": 0.6342243176971677,
        "8": 0.5222029859809619,
        "9": 0.6844270864416652
    },
    "dc_per_class_pp_per_class": {
        "1": 0.9647157559642153,
        "10": 0.8633962635107203,
        "11": 0.28872812542093146,
        "12": 0.9081374388423115,
        "13": 0.804006831547072,
        "14": 0.6297992140024588,
        "15": 0.9657275354753097,
        "16": 0.8399625091663392,
        "2": 0.9343542354160599,
        "3": 0.9325183954795153,
        "4": 0.5555268196120311,
        "5": 0.9636921209017109,
        "6": 0.924292814177542,
        "7": 0.6324779149056053,
        "8": 0.5270795387921271,
        "9": 0.6844270864416652
    },
    "dc_per_class_raw": {
        "1": 0.9646777669796652,
        "10": 0.8526446205262372,
        "11": 0.457434425852286,
        "12": 0.9054921843965391,
        "13": 0.8031594851026944,
        "14": 0.6328706311187796,
        "15": 0.9539846276866429,
        "16": 0.8399601339131851,
        "2": 0.9059102337376116,
        "3": 0.9320293917139525,
        "4": 0.5688581455178827,
        "5": 0.9636233331787628,
        "6": 0.9237896766191018,
        "7": 0.6342243176971677,
        "8": 0.5222029859809619,
        "9": 0.6844270864416652
    },
    "for_which_classes": [
        1,
        10,
        12,
        13,
        15,
        16,
        2,
        3,
        5,
        6,
        8
    ],
    "min_valid_object_sizes": "None",
    "num_samples": 3,
    "validation_final": "validation_raw_postprocessed",
    "validation_raw": "validation_raw"
}