{
    "dc_per_class_pp_all": {
        "1": 0.957122570194144,
        "10": 0.8086654755048657,
        "11": 0.0,
        "12": 0.854816150870679,
        "13": 0.7613821423528194,
        "14": 0.39150755480383176,
        "15": 0.0,
        "16": 0.8281141924376133,
        "2": 0.855323615018793,
        "3": 0.8180918311831746,
        "4": 0.19120823407391058,
        "5": 0.9157796360856055,
        "6": 0.8728915918523891,
        "7": 0.2958059759864773,
        "8": 0.39333532608724314,
        "9": 0.7968941814188938
    },
    "dc_per_class_pp_per_class": {
        "1": 0.9572190411215803,
        "10": 0.6960399135813176,
        "11": 0.0,
        "12": 0.8921654480640645,
        "13": 0.793993889524987,
        "14": 0.36821819780906534,
        "15": 0.9277549350363749,
        "16": 0.8302809489804827,
        "2": 0.8555429773424025,
        "3": 0.8267664690512317,
        "4": 0.19120823407391058,
        "5": 0.9174662967001613,
        "6": 0.8732482191483383,
        "7": 0.2907385857670652,
        "8": 0.3541402787478695,
        "9": 0.7994484241439056
    },
    "dc_per_class_raw": {
        "1": 0.9571655035901983,
        "10": 0.8085017795126737,
        "11": 0.0,
        "12": 0.8532347023227889,
        "13": 0.760926246923387,
        "14": 0.39150755480383176,
        "15": 0.9228724947393391,
        "16": 0.8281148852208139,
        "2": 0.855323615018793,
        "3": 0.8090299691169043,
        "4": 0.19502644306795713,
        "5": 0.9157005663837721,
        "6": 0.8728915918523891,
        "7": 0.2958059759864773,
        "8": 0.39333532608724314,
        "9": 0.7968941814188938
    },
    "for_which_classes": [
        1,
        12,
        13,
        15,
        16,
        2,
        3,
        5,
        6,
        9
    ],
    "min_valid_object_sizes": "None",
    "num_samples": 3,
    "validation_final": "validation_raw_postprocessed",
    "validation_raw": "validation_raw"
}